# callgrind format
version: 1
creator: callgrind-3.22.0
pid: 6117
cmd:  ./demo -v 3 -e 2 -s 5
part: 1


desc: I1 cache: 32768 B, 64 B, 8-way associative
desc: D1 cache: 32768 B, 64 B, 8-way associative
desc: LL cache: 16777216 B, 64 B, direct-mapped

desc: Timerange: Basic block 0 - 347146
desc: Trigger: Program termination

positions: line
events: Ir Dr Dw I1mr D1mr D1mw ILmr DLmr DLmw
summary: 1938978 510147 182445 2229 13327 2727 2127 7230 1771


ob=(2) /usr/lib/x86_64-linux-gnu/libc.so.6
fl=(86) ./string/../sysdeps/x86_64/multiarch/strcmp.c
fn=(290) strcmp
79 1 0 0 1 0 0 1
-31 2 2
+1 1 1
-2 4 0 0 1 0 0 1
+2 2
+3 2
+4 3 0 0 1 0 0 1
+3 3
+20 1 1

fl=(116) ./wcsmbs/../sysdeps/x86_64/multiarch/wcscpy.c
fn=(360) wcscpy
60 1 0 0 1 0 0 1
-17 2 2 0 1 0 0 1
-1 4
+2 3 1
+2 2 0 0 1 0 0 1
+4 3
+10 1 1

fl=(136) ./string/../sysdeps/x86_64/multiarch/strspn.c
fn=(422) strspn
29 1 0 0 1 0 0 1
fi=(246) ./string/../sysdeps/x86_64/multiarch/ifunc-sse4_2.h
+7 5 2 0 1 0 0 1
fe=(136)
-7 1 1

fl=(244) ./nptl/./nptl/libc-cleanup.c
fn=(1754) __libc_cleanup_push_defer
24 2 0 0 1 0 0 1
+1 2 2
+2 4 2 2
+2 4 2 0 0 1
+3 4
+14 6 0 2 1 0 0 1
+2 2 0 2
+1 2 2

fn=(1756) __libc_cleanup_pop_restore
54 2
+1 2 2
+2 4 2 2
+2 2 2
+1 6 2 0 1 0 0 1
+11 2 2

fl=(196) ./iconv/./iconv/gconv_simple.c
fn=(806) __gconv_btwoc_ascii
49 128 0 0 1 0 0 1
+2 512
+3 128 128

fl=(188) ./nptl/./nptl/pthread_once.c
fn=(694) pthread_once@@GLIBC_2.34
136 14 0 0 1 0 0 1
+3 14 14 0 0 1 0 0 1
+1 28
+4 26 13
-1 1
cfn=(696) __pthread_once_slow
calls=1 -75 
* 1885 604 297 21 25 2 21 8

fn=(696)
68 11 1 5 2 0 0 2
+8 1 1
+4 2
+52 10 7
-44 2 1 0 0 1 0 0 1
+4 2 0 1
+9 2 0 0 1 0 0 1
+13 13 0 7 2 0 0 2
cfi=(189) ./nptl/./nptl/cleanup_compat.c
cfn=(698) _pthread_cleanup_push@@GLIBC_2.34
calls=1 -89 
* 7 2 4 2 1 0 2
+2 1 0 1
cob=(7) /usr/lib/x86_64-linux-gnu/libstdc++.so.6.0.33
cfi=(185) ???
cfn=(700) 0x00000000000d0450
calls=1 0 
* 1816 590 276 12 23 2 12 7
+2 3 0 1
cfi=(189)
cfn=(716) _pthread_cleanup_pop@@GLIBC_2.34
calls=1 -78 
* 6 2 1 1 0 0 1
fi=(191) ./nptl/../sysdeps/nptl/futex-internal.h
+91 3
fe=(188)
-85 1 0 1
fi=(191)
+85 5 0 0 1 0 0 1
fe=(188)

fl=(225) ./libio/./libio/genops.c
fn=(1752) _IO_flush_all
686 5 0 3 1 0 0 1
+5 1
-5 1 0 1
+5 1
-5 6 1 3
+5 4 0 3 1 0 0 1
cfi=(244)
cfn=(1754)
calls=1 24 
* 13 4 3 2 1 0 2
+1 6 3 0 0 1 0 0 1
-5 1 0 0 1 0 0 1
fi=(228) ./libio/./libio/libioP.h
1025 2
fe=(225)
708 33 12 6 2 0 0 2
+1 3 0 3
-14 9 3
+2 3 0 3 1 0 0 1
+1 27 15 0 0 2
+2 21 9 0 2 2 0 2 1
+13 7 2 2 2 0 0 2
+1 2 0 1
cfi=(244)
cfn=(1756)
calls=1 54 
* 9 5 1 1 0 0 1
+4 12 9
-20 9 0 6 1 0 0 1
-6 2 1 1 1 0 0 1
-5 2
+8 1 1
-3 1 0 1 1 0 0 1
+3 2

fn=(1472) _IO_default_xsputn
371 11 0 7 1 0 0 1
+3 4
fi=(228)
1025 1
fe=(225)
373 2
+26 5 1 0 1 0 0 1
fi=(228)
1025 2
+1 2
fe=(225)
399 4 2 1
cfi=(224) ./libio/./libio/fileops.c
cfn=(1456) _IO_file_overflow@@GLIBC_2.2.5
calls=1 732 
* 39 10 6 0 0 1 0 0 1
* 2
+2 1
-2 1
-20 8 4 0 1 0 0 1
-4 1 1 0 1 0 0 1
+29 8 7

fn=(1762) _IO_default_setbuf
452 8 0 4 1 0 0 1
fi=(228)
1025 1
fe=(225)
452 1 0 1
+1 1 1 0 1 0 0 1
-1 1
fi=(228)
1025 2
+1 2
fe=(225)
453 2 1 1
cfi=(224)
cfn=(1518) _IO_file_sync@@GLIBC_2.2.5
calls=1 793 
* 21 8 4
* 2
+4 1 1
330 1 1
462 1
-7 2
332 1 0 1
466 1
337 1
-4 1 0 1
+4 1 0 1
467 1
-1 3 0 3
+2 6 6
-11 1 0 0 1 0 0 1
+1 2 0 0 1 0 0 1
-1 1 0 1
330 4

fn=(1458) _IO_doallocbuf
343 1 0 0 1 0 0 1
+1 2 1
-1 7 0 4
+3 3 1
+1 1 1 0 1 0 0 1
fi=(228)
1025 3
+1 2
fe=(225)
347 2 1 1 0 1
cfi=(226) ./libio/./libio/filedoalloc.c
cfn=(1460) _IO_file_doallocate
calls=1 78 
* 281 61 35 11 3 1 11 0 1
* 2
+3 6 5 0 1 0 0 1

fn=(1468) _IO_setb
329 11 0 5 2 0 0 2
+1 4 2
+5 2
-3 1 0 1
+3 2
-2 1 0 1
+2 2 0 1
+3 6 6

fn=(1750) _IO_cleanup
842 6 0 4 1 0 0 1
-66 1
+66 6 1 3 1 0 0 1
+1 1 0 1
cfn=(1752)
calls=1 686 
* 183 65 37 16 6 0 16 2
-67 2 0 1
+67 1
-67 3 0 2
cfi=(244)
cfn=(1754)
calls=1 24 
* 13 4 3
+1 6 3 0 1 0 0 1
fi=(228)
1025 1 0 0 1 0 0 1
fe=(225)
785 1 1
-1 1 0 1
+1 4 2
-1 2 0 2
+1 25 12 0 1 0 0 1
+9 6 2
+2 4 1 0 1 0 0 1
+4 1 1
-2 1
+3 1 0 1
-3 1 0 1
+2 2 1 1
+5 1 1
fi=(228)
1025 2
+1 2
fe=(225)
805 4 1 1
cfi=(224)
cfn=(1760) _IO_file_setbuf@@GLIBC_2.2.5
calls=1 382 
* 87 22 23 5 0 0 5
+2 3 1
+9 1 1
-2 1 0 1
+2 2
-2 1 0 1
+2 2
+1 3 0 3 1 0 0 1
-37 9 3 0 1 0 0 1
+41 7 2 2
+1 2 0 1
cfi=(244)
cfn=(1756)
calls=1 54 
* 9 5 1
+33 12 9 0 1 0 0 1
-78 2 2
+39 24 6 6 2 0 0 2
-2 1 0 1
+2 1
-31 6 0 6 1 0 0 1
+7 7
-15 1 0 1 1 0 0 1
+3 2 1
-3 1 0 1
+3 2

fn=(1498) __overflow
199 20 0 8 1 0 0 1
+2 12 4
+2 4 4
fi=(228)
1025 12
+1 8
fe=(225)
203 4 4 0 1 0 0 1
+1 8 8
-1 4
cfi=(224)
cfn=(1456)
calls=4 732 
* 604 156 96 7 0 0 7

fl=(189)
fn=(698)
25 1 0 0 1 0 0 1
+3 1 0 1
+1 1 0 1
+1 2 1 1 1 1 0 1
+2 1 0 1
+1 1 1

fn=(716)
40 1
+3 2 1 1
+4 2
+2 1 1 0 1 0 0 1

fl=(215) ./setjmp/../sysdeps/x86_64/setjmp.S
fn=(1328) __sigsetjmp
31 1 0 0 1 0 0 1
+2 1 0 1
+9 1
+1 2 1
+1 1 0 1
+4 1 0 1
+1 1 0 1
+1 1 0 1
+1 1 0 1
+1 1
+2 2 1 0 1 0 0 1
+2 1 0 1
+1 1 1
+1 1
+2 2 1
+2 1 0 1
+5 1 1 0 0 1
+1 1
+17 1 0 0 1 0 0 1
cfi=(216) ./setjmp/./setjmp/sigjmp.c
cfn=(1330) __sigjmp_save
calls=1 -57 
* 13 3 3

fl=(127) ./string/../sysdeps/x86_64/multiarch/strlen.c
fn=(394) strlen
29 3 0 0 2 0 0 1
fi=(84) ./string/../sysdeps/x86_64/multiarch/ifunc-avx2.h
+11 9 6 0 0 2
-2 12
fe=(127)
-9 6 3
fi=(84)
+12 6 3
+1 9 3 0 2 1 0 1
+3 6
+4 9
+3 15
fe=(127)

fl=(234) ./stdlib/./stdlib/exit.c
fn=(1564) exit
137 2 0 1 1 0 0 1
+1 3
-1 1
+1 1 0 1
cfn=(1566) __run_exit_handlers
calls=1 38 
* 9358 3019 1525 164 166 16 126 17 1

fn=(1566)
38 12 0 8 1 0 0 1
+2 2
+3 5 0 1 1 0 0 1
+11 2 2
+2 2
+38 2
-30 39 13
+2 12
+1 12 12
-1 12 0 12 1 0 0 1
+3 106 12 0 0 1
+44 3 1 0 1 0 0 1
+13 1 0 0 1 0 0 1
-66 1 0 1 0 0 1
+66 3 1 1
+2 2 1
+3 2 0 1
cfi=(245) ./posix/../sysdeps/unix/sysv/linux/_exit.c
cfn=(1764) _Exit
calls=1 27 
* 6 1 0 1 0 0 1
-29 1 1 0 1 0 0 1
+1 1 1 0 0 1
-2 1 0 1
+3 1
+3 1
-3 2 1
+3 3 1 1
+1 3 0 1
cob=(1) /usr/lib/x86_64-linux-gnu/ld-linux-x86-64.so.2
cfi=(236) ./elf/./elf/dl-fini.c
cfn=(1570) _dl_fini
calls=1 -82 
* 8628 2817 1386 117 158 15 79 15 1
+1 4 0 1 1 0 0 1
+10 3 2 1 1 0 0 1
+1 2
-79 1 0 1 1 0 0 1
cfi=(235) ./stdlib/./stdlib/cxa_thread_atexit_impl.c
cfn=(1568) __call_tls_dtors
calls=1 148 
* 13 6 3 3 0 0 3
* 1
+88 1 0 1
cfi=(225)
cfn=(1750)
calls=1 842 
* 467 147 105 34 6 0 34 2
* 1

fl=(94) ./debug/../sysdeps/x86_64/multiarch/memcpy_chk.c
fn=(308) __memcpy_chk
29 1 0 0 1 0 0 1
fi=(93) ./debug/../sysdeps/x86_64/multiarch/ifunc-memmove.h
+28 3 2
-1 2
+4 3 1
+14 2
+3 2
+8 2
+8 2 0 0 1 0 0 1
+3 5 1 0 2 0 0 2
fe=(94)

fl=(202) ./stdlib/./stdlib/getenv.c
fn=(1124) getenv
24 18 0 12 2 0 1 2
+1 16 6 0 0 4 0 0 2
+3 2 0 2
cob=(4) ???
cfi=(175) ???
cfn=(820) 0x0000000004b1c500
calls=2 -28 
* 32 6 0 1 2 0 0 1
+1 2 2 0 0 1
-1 2
+1 372 92 0 0 6
+2 184 92 0 1 21 0 1 9
+1 24 0 6
cob=(4)
cfi=(175)
cfn=(1126) 0x0000000004b1c600
calls=6 -32 
* 190 36 0 8 3 0 8 2
* 12
+5 18 14

fl=(230) ./libio/./libio/putc.c
fn=(1496) putc
25 36 0 16 2 0 0 2
+3 8 4
+1 16 8 0 1 0 0 1
+5 4 0 0 1 0 0 1
-5 8
+5 16 16
-5 4
cfi=(225)
cfn=(1498)
calls=4 199 
* 676 176 104 9 0 0 9

fl=(227) ./io/../sysdeps/unix/sysv/linux/fstat64.c
fn=(1464) fstat
30 1 0 0 1 0 0 1
+9 4
+33 1 1

fl=(100) ./wcsmbs/../sysdeps/x86_64/multiarch/wcscat.c
fn=(324) wcschr
31 2 0 0 1 0 0 1
fi=(101) ./wcsmbs/../sysdeps/x86_64/multiarch/ifunc-avx2.h
+9 6 4
-2 8 0 0 1 0 0 1
fi=(102) ./wcsmbs/../sysdeps/x86_64/multiarch/wcschr.c
-7 4 2
fi=(101)
+10 4 2
+1 6 2
+3 4
+4 6
+3 10 0 0 1 0 0 1
fe=(100)

fn=(390) wcscat
31 1 0 0 1 0 0 1
fi=(97) ./wcsmbs/../sysdeps/x86_64/multiarch/ifunc-wcs.h
+9 3 2
-1 4
+2 3 1
+3 2
+4 4
fe=(100)
-17 1 1

fl=(108) ./string/../sysdeps/x86_64/multiarch/stpncpy.c
fn=(344) stpncpy
31 1 0 0 1 0 0 1
fi=(109) ./string/../sysdeps/x86_64/multiarch/ifunc-strncpy.h
+4 5 2 0 1 0 0 1
+1 3 1
+3 2
+4 3
+3 4
fe=(108)
-15 1 1

fl=(198) ./string/../sysdeps/x86_64/multiarch/strlen-avx2.S
fn=(822) __strlen_avx2
52 74 0 0 1 0 0 1
+13 74
+1 74
+1 74
+3 74
+2 74
+1 74
+3 74 74 0 0 7 0 0 7
+1 74
+8 74
+1 74
+1 73
+5 146 73
+26 1 0 0 1 0 0 1
+13 1
+1 1
+1 1
+6 2 1
+82 1 0 0 1 0 0 1
+15 1 1
+6 1
+1 1
+1 1

fl=(245)
fn=(1764)
27 2 1 0 1 0 0 1
+3 2

fl=(207) ./malloc/./malloc/morecore.c
fn=(1154) __glibc_morecore
25 2 0 0 1 0 0 1
+1 4 2
-1 4 0 2
+4 2 0 2
cfi=(208) ./misc/./misc/sbrk.c
cfn=(1156) sbrk
calls=2 +8 
* 77 21 12 7 0 0 7
+1 4
+4 4 4

fl=(235)
fn=(1568)
148 4 0 2 1 0 0 1
+1 1 1 0 1 0 0 1
-1 1 0 1
+1 3 1
+16 4 4 0 1 0 0 1

fl=(117) ./string/../sysdeps/x86_64/multiarch/strcat.c
fn=(362) strcat
29 1 0 0 1 0 0 1
fi=(118) ./string/../sysdeps/x86_64/multiarch/ifunc-strcpy.h
+9 2 2
+1 1 1
-1 2
+1 2 0 0 1 0 0 1
+3 2
+4 3
+3 3
fe=(117)
-20 1 1

fl=(193) ./wcsmbs/./wcsmbs/wctob.c
fn=(796) wctob
30 1280 128 640 1 0 0 1
+9 384
+6 128
-1 256
+35 1152 896 0 1 0 0 1

fl=(209) ./misc/../sysdeps/unix/sysv/linux/brk.c
fn=(1158) brk
36 2 0 0 1 0 0 1
fi=(247) ./misc/../sysdeps/unix/sysv/linux/brk_call.h
-12 4
fe=(209)
+13 4 2 2 1 0 0 1
+1 4
+6 2
+1 2 2

fl=(139) ./string/../sysdeps/x86_64/multiarch/strncase.c
fn=(432) strncasecmp
31 1 0 0 1 0 0 1
fi=(114) ./string/../sysdeps/x86_64/multiarch/ifunc-strcasecmp.h
+6 2 2
-1 4
fe=(139)
-5 2 1
fi=(114)
+7 3 1 0 1 0 0 1
+3 2
+4 3
+3 4
fe=(139)

fl=(195) ./elf/./elf/libc-dl-profstub.c
fn=(804) _dl_mcount_wrapper_check
36 128 0 0 1 0 0 1
+1 384 256
+1 128 128

fl=(110) ./wcsmbs/../sysdeps/x86_64/multiarch/wmemchr.c
fn=(348) wmemchr
31 2 0 0 1 0 0 1
fi=(111) ./wcsmbs/../sysdeps/x86_64/multiarch/ifunc-evex.h
+7 6 4 0 1 0 0 1
-1 8
+2 6 2
+6 4
-3 4
+9 6
+3 8 0 0 1 0 0 1
fe=(110)
-23 2 2

fl=(95) ./string/../sysdeps/x86_64/multiarch/memrchr.c
fn=(312) memrchr
29 1 0 0 1 0 0 1
fi=(84)
+11 3 2
-2 4
fe=(95)
-9 2 1
fi=(84)
+12 2 1
+1 3 1 0 1 0 0 1
+3 2
+4 3
+3 5
fe=(95)

fl=(197) ./wctype/./wctype/wctype_l.c
fn=(818) wctype_l
26 80 0 50 2 0 0 2
+7 10
-7 30 0 10
+3 10 0 10
cob=(4)
cfi=(175)
cfn=(820)
calls=10 -29 
* 160 30 0 2 4 0 2 3
* 10
+3 30 20 10 0 1
+1 10
+7 48
+1 96 48
-8 48
+2 96 0 48
cob=(4)
cfi=(175)
cfn=(820)
calls=48 -35 
* 768 144 0 0 1 0 0 1
* 20 0 10 1 0 0 1
cob=(4)
cfi=(175)
cfn=(820)
calls=10 -35 
* 160 30 0 0 1 0 0 1
* 58
+2 312 0 49
cob=(4)
cfi=(175)
cfn=(824) 0x0000000004b1c580
calls=49 -37 
* 1146 274 0 4 1 0 4
* 98
+8 20 20 0 0 1
+1 10 10 0 0 2
+1 80 70

fl=(181) ./string/../sysdeps/x86_64/multiarch/strrchr-avx2.S
fn=(604) __strrchr_avx2
53 1 0 0 1 0 0 1
+1 1
+1 1
+2 1
+1 1 0 0 1 0 0 1
+4 1
+1 1
+1 1
+3 1 1 0 0 1
+2 1
+1 1
+1 1
+1 1
+3 1
+1 1
+2 1
+1 1
+1 1
+1 1
+1 1
+9 2 1

fl=(128) ./string/../sysdeps/x86_64/multiarch/strncpy.c
fn=(398) strncpy
29 1 0 0 1 0 0 1
fi=(109)
+6 5 2
+1 3 1
+3 2
+4 3 0 0 1 0 0 1
+3 4
fe=(128)
-17 1 1

fl=(204) ./malloc/./malloc/malloc.c
fn=(1160) alloc_perturb
1985 30 10 0 1 0 0 1
+2 10 10

fn=(1140) malloc
3294 80 0 40 1 0 0 1
+7 20 10 0 0 1 0 0 1
1326 18
+19 46 0 0 1 0 0 1
3311 12
+2 40 20
+3 18 9
+10 18 9 0 1 0 0 1
+28 54 45
3248 4 2 1 1 0 0 1
cfn=(1150) tcache_init.part.0
calls=1 -6 
* 473 88 137 47 3 11 47 1 11
+68 2 1 0 1 0 0 1
+2 27 9 0 0 1
3178 2 1
+4 2
+4 1
+4 1
-4 3 1 1
+4 1 0 1
+1 1 0 1
3354 6 5
-26 36 0 9 1 0 0 1
cfn=(1152) _int_malloc
calls=9 3846 
* 1251 227 117 5 2 9 5 0 8
+1 45 9 0 1 0 0 1
fi=(205) ./malloc/./malloc/arena.c
153 18
264 1 0 1 1 0 0 1
cfn=(1144) ptmalloc_init.part.0
calls=1 -2 
* 1151 70 160 11 26 35 8 11 33
fe=(204)
1326 2

fn=(1390) free
3359 8 0 0 1 0 0 1
+4 16
-4 24 0 16 1 0 0 1
+14 8
-14 24 0 16
+12 8 8
+4 8 8
-4 8 8
+4 16
+17 24 16
fi=(205)
153 24
fe=(204)
3398 24 0 8 1 0 0 1
cfn=(1394) _int_free
calls=8 4495 
* 432 120 64 7 2 0 6 1
+3 8 0 8
+1 48 40

fn=(1152)
3846 110 10 70 2 0 1 2
1326 20
+19 57
3887 14
1794 7 7 0 1 0 0 1
3914 14
+65 6
-63 12
+3 3 3
+2 6
+56 8 0 0 1 0 0 1
+62 25 0 0 1 0 0 1
+1 6 2
+20 10 10 0 1 0 0 1
-1 10
-1 10
+1 20 0 10
+1 20 10
-2 18 9
+12 50 10 10 1 0 0 1
3887 6 0 0 1 0 0 1
+27 6 3
+66 8 0 0 1 0 0 1
+2 8 8
-2 8
+2 16
-68 9
1345 3
3919 6 3
+2 6
+9 18 0 0 2 0 0 2
4487 120 90 0 2 0 0 2
4257 30 0 0 1 0 0 1
+2 6
+3 2 2
-3 2
+3 4
+1 10 0 0 1 0 0 1
+71 30
-4 10
+1 10
+1 10
-1 10
+1 10
+1 20 10 0 0 2
+1 30
+5 40 0 0 1 0 0 1
+4 30 0 0 1 0 0 1
+3 36 9
-3 27
+3 32 8 0 1 0 0 1
-3 24
+3 24 6
-3 12
4443 10 10 0 1 0 0 1
+1 20 10
+2 20 10 0 0 1
+3 30
+17 4 1 1
4070 2 0 0 1 0 0 1
-91 12
2552 1 1 0 1 1 0 1
+12 1 1
-12 5 1 2
+12 1 0 0 1 0 0 1
4460 30 0 10 1 0 1 1 0 1
cfn=(1160)
calls=10 1985 
* 40 20 0 1 0 0 1
+1 10
-9 18
+2 18
-1 9 0 9
+1 9 0 0 1 0 0 1
-3 9
+3 9
+2 9
-2 36 0 9
+2 9 0 9 0 0 7 0 0 7
+3 18
2553 1 0 1 1 0 0 1
+36 3 1
+1 1
-1 1 0 1
+1 1 0 1
+9 4 0 0 1 0 0 1
+9 3 0 0 1 0 0 1
2921 3 2 0 1 0 0 1
+1 1 0 1
+4 1 1
+4 5 2 0 1 0 0 1
+5 1
-2 1
+5 1
-3 2
-3 1
+2 1 0 1
+1 1
+1 1
-1 3 0 1
+1 1 0 1 0 0 1 0 0 1
4482 1
2669 3 1 1 1 0 0 1
+8 2 1
+1 3 1 1
+13 1 1
+2 1 1
-2 2 0 0 1 0 0 1
+8 5 1 1
+8 2
+48 4 2 0 1 0 0 1
+40 3 0 0 1 0 0 1
+19 2 1
+3 2
+1 6 1 0 1 0 0 1
+2 1
+1 5 0 4
cfi=(207)
cfn=(1154)
calls=1 25 
* 33 11 6
+12 4 3
-12 1
+12 1
2008 4 1 0 1 0 0 1
3882 1
2873 1
+3 1
-1 1 0 1
+1 4 0 1 0 0 1 0 0 1
+12 1 1
-11 1 0 1
+11 2 0 0 1 0 0 1
2783 1
-1 2
2017 2 2 0 1 0 0 1
2745 1 0 1 1 0 0 1
+1 1
+6 3 1
-6 1 0 1
+6 3
-43 3 0 2 1 0 0 1
cfi=(207)
cfn=(1154)
calls=1 25 
* 64 16 10 8 0 0 8
+1 2 1
-1 1 0 0 1 0 0 1
+1 1
2008 1 1
2711 1
2008 3
2712 1
+3 2
+29 3 1 0 0 1 0 0 1

fn=(1150)
3242 4 0 2 1 0 0 1
+9 8 2 1
+1 3 0 1 1 0 0 1
cfn=(1152)
calls=1 3846 
* 359 81 50 44 3 2 44 1 2
+1 2
+8 4 1 1
+9 1 1
fi=(210) ./malloc/../string/bits/string_fortified.h
59 2
fe=(204)
3270 1 0 1
fi=(210)
59 86 0 81 1 0 9 1 0 9
fe=(204)
3274 3 3

fn=(1394)
4495 56 0 32 1 0 0 1
+4 24 8 0 1 0 0 1
+6 32
+1 16
+4 40
+8 32 16 0 1 0 0 1
-1 16
+1 16 8
+29 8 8
-20 8 8 0 0 1 0 0 1
-6 8
+6 16 8
+20 32 8 0 1 0 0 1
4658 48 40 0 1 0 0 1
3163 8 8 0 2 0 0 1
+4 8
-4 8 0 8
+2 32 8 8 0 1
+1 8 0 8
+1 8 0 8
4550 8

fl=(115) ./string/../sysdeps/x86_64/multiarch/strcspn.c
fn=(358) strcspn
29 1 0 0 1 0 0 1
fi=(246)
+7 5 2
fe=(115)
-7 1 1

fl=(134) ./string/../sysdeps/x86_64/multiarch/memchr.c
fn=(418) memchr
29 1 0 0 1 0 0 1
fi=(135) ./string/../sysdeps/x86_64/multiarch/ifunc-evex.h
+9 3 2 0 1 0 0 1
-1 4
+2 3 1
+6 2
-3 2
+9 3
+3 4
fe=(134)
-25 1 1

fl=(217) ./posix/./posix/getopt.c
fn=(1338) _getopt_internal
706 20 0 8 1 0 0 1
+4 4 4 0 0 1
-1 8 8 0 0 2 0 0 1
+3 4 4 0 1 0 0 1
-3 4 4
+3 12 0 8
-3 8 0 4 0 0 1 0 0 1
+3 4 0 4
cfn=(1340) _getopt_internal_r
calls=4 474 
* 981 277 90 21 7 3 21 3
+4 4 4
+1 4 4
-1 4 0 4
+1 4 4 0 0 1
+4 4 4
-4 4 0 4 0 0 1
+1 12 8 4
+3 8 8

fn=(1340)
474 48 4 32 2 0 1 2
+1 4 4
+2 8
+5 4 4
-2 16 0 4
+2 20 4
-91 1
+1 1 0 1
-1 2 0 1 1 0 0 1
+4 3 1 0 0 1 0 0 1
+5 2
+5 4 1
+5 1 0 1
+77 1 1
+1 3 0 0 1 0 0 1
+5 2
-5 9
+5 6
611 3
+1 3
-1 12 3 9
+1 12 0 9
cob=(4)
cfi=(175)
cfn=(1342) 0x0000000004b1c680
calls=3 0 
* 69 12 0 3 2 0 3 1
+3 18 15 0 1 0 0 1
+1 3 0 3
+2 15
+9 9 6
+27 6 0 0 1 0 0 1
+46 36 28
484 3 3
+9 3 3
-9 9
+15 12 8 0 1 0 0 1
+2 12 4 0 1 0 0 1
+3 12 4
+24 26 9
+29 6 3 0 1 0 0 1
-8 4 2 0 1 0 0 1
-71 2
+31 12 4 0 1 0 0 1
+9 32 9 0 1 1 0 1
+2 8 0 4
+37 9 3
+10 6 3 0 1 0 0 1
+38 6 0 0 1 0 0 1
405 4 0 3 1 0 1 1
cfi=(202)
cfn=(1124)
calls=1 24 
* 431 124 10 0 3 1 0 1
* 4 2
656 3 3 0 1 0 0 1
-26 3 3
+26 3
-24 3 3
+39 6
+7 6
+16 12 3 6
+1 3 0 3
+3 3
512 8 0 0 1 0 0 1
+1 6 0 3
408 1 0 1 1 0 0 1
+85 2 1

fn=(1336) getopt
736 36 0 12 1 0 1 1
cfn=(1338)
calls=4 -30 
* 1089 329 126 23 11 5 23 4 1
* 8 8

fl=(87) ./wcsmbs/../sysdeps/x86_64/multiarch/wcsnlen.c
fn=(292) wcsnlen
30 1 0 0 1 0 0 1
fi=(88) ./wcsmbs/../sysdeps/x86_64/multiarch/ifunc-wcslen.h
+11 2 2 0 1 0 0 1
-1 4
+2 3 1
+3 2 0 0 1 0 0 1
+4 3
+3 3
fe=(87)
-22 1 1

fl=(219) ./csu/./csu/errno-loc.c
fn=(1354) __errno_location
25 3 0 0 1 0 0 1
+1 6 6 0 0 1
+1 3 3

fl=(98) ./string/../sysdeps/x86_64/multiarch/memcmpeq.c
fn=(320) memcpy@@GLIBC_2.14
29 2 0 0 1 0 0 1
fi=(99) ./string/../sysdeps/x86_64/multiarch/ifunc-memmove.h
+28 6 4
-1 4
+4 6 2 0 1 0 0 1
+14 4
+3 4
+8 4
+8 4 0 0 1 0 0 1
+3 10 2 0 1 0 0 1
fe=(98)

fl=(126) ./string/../sysdeps/x86_64/multiarch/strcasecmp_l.c
fn=(386) strcasecmp_l
31 1
fi=(114)
+6 2 2 0 1 0 0 1
-1 4
fe=(126)
-5 2 1
fi=(114)
+7 3 1 0 1 0 0 1
+3 2
+4 3
+3 4
fe=(126)

fl=(96) ./wcsmbs/../sysdeps/x86_64/multiarch/wcsncpy.c
fn=(316) wcsncpy
31 1 0 0 1 0 0 1
fi=(97)
+9 3 2
-1 4
+2 3 1
+3 2
+4 4
fe=(96)
-17 1 1

fl=(138) ./string/../sysdeps/x86_64/multiarch/mempcpy.c
fn=(428) mempcpy
33 1
fi=(99)
+24 3 2
-1 2
+4 3 1 0 1 0 0 1
+14 2
+3 2
+8 2
+8 2 0 0 1 0 0 1
+3 5 1 0 1 0 0 1
fe=(138)

fl=(200) ./stdlib/./stdlib/cxa_atexit.c
fn=(1080) __cxa_atexit
67 84 0 60 1 0 0 1
-26 24 0 0 1 0 0 1
+2 96 0 12 0 0 1
+1 24 0 12
cfn=(1082) __new_exitfn
calls=12 +36 
* 440 96 73 4 3 0 4 1
+2 24
+8 12 0 12 0 0 6 0 0 6
-2 12
+3 12 0 12 1 0 0 1
+1 12 0 12
-4 24 12
+1 12 0 12
+4 48 12 12
+1 12
+11 72 72

fn=(1082)
80 12 0 0 1 0 0 1
+6 24 12 0 0 1 0 0 1
-6 48 0 36
+11 24 12 0 0 1
-10 12
+10 48
+2 24 12 0 0 1
+1 55 11
-1 24 0 0 1 0 0 1
-2 1 1
+10 1 0 1
-10 3
+13 22
+25 11
+1 22 0 11
-1 22
+7 11 0 11
+5 33 22
-4 11 0 11
+4 22 22
-5 1 0 1 1 0 0 1
+5 3 2
-4 1 0 1
+4 2 2
-18 1 0 1 1 0 0 1
-1 1
+12 1

fl=(233) ./string/../sysdeps/x86_64/multiarch/memset-vec-unaligned-erms.S
fn=(1528) __memset_avx2_unaligned_erms
158 1 0 0 1 0 0 1
+1 2
+5 1
+1 1
337 1 0 0 1 0 0 1
+9 1
+1 1
+5 1
+1 1
+36 1 0 1 1 0 0 1
+1 1 0 1
+5 1 1

fl=(218) ./string/../sysdeps/x86_64/multiarch/strchr-avx2.S
fn=(1344) __strchr_avx2
53 3 0 0 1 0 0 1
+2 3
+1 3
+1 3
+1 3
+1 3
+3 3
+1 3 0 0 1 0 0 1
+4 3 3 0 0 1 0 0 1
+1 3
+1 3
+1 3
+1 3
+1 3
+1 3
+1 3
+3 3 3
+8 3
+2 3
+2 6 3

fl=(113) ./string/../sysdeps/x86_64/multiarch/strcasecmp.c
fn=(354) strcasecmp
31 1 0 0 1 0 0 1
fi=(114)
+6 2 2
-1 4
fe=(113)
-5 2 1
fi=(114)
+7 3 1 0 1 0 0 1
+3 2
+4 3
+3 4 0 0 1 0 0 1
fe=(113)

fl=(129) ./wcsmbs/../sysdeps/x86_64/multiarch/wmemcmp.c
fn=(402) wmemcmp
29 1
fi=(130) ./wcsmbs/../sysdeps/x86_64/multiarch/ifunc-memcmp.h
+5 5 2 0 1 0 0 1
+1 2 1
+1 2
+1 3 1
+3 2
+4 3
+3 4 0 0 1 0 0 1
fe=(129)
-18 2 1

fl=(137) ./wcsmbs/../sysdeps/x86_64/multiarch/wcpcpy.c
fn=(424) wcpncpy
31 1 0 0 1 0 0 1
fi=(97)
+9 3 2
-1 4 0 0 1 0 0 1
+2 3 1
+3 2
+4 4
fi=(248) ./wcsmbs/../sysdeps/x86_64/multiarch/wcpncpy.c
-17 1 1
fe=(137)

fl=(179) ./csu/./csu/init-first.c
fn=(598) _init_first
46 6 0 2 1 0 0 1
+5 2 1
+4 5 4 0 1 2 0 1 1
+8 1 1 0 0 1
-2 1 0 1 0 0 1
+10 1
-9 1 0 1
+1 1 0 1 0 0 1 0 0 1
+9 3 2
-1 1
cfi=(180) ./misc/./misc/init-misc.c
cfn=(600) __init_misc
calls=1 -41 
* 50 11 6 5 2 1 5

fl=(182) ./libio/./libio/vtables.c
fn=(606) check_stdfiles_vtables
545 1 0 0 1 0 0 1
+1 4 2 0 0 2
+1 3 2 0 1 1 0 1
+1 3 2 0 0 1
+2 1 1

fl=(224)
fn=(1502) _IO_file_write@@GLIBC_2.2.5
1174 40 0 25 1 0 0 1
+2 20
-1 10
+6 5 0 5
cfi=(231) ./io/../sysdeps/unix/sysv/linux/write.c
cfn=(1504) write
calls=5 25 
* 40 10 0 1 0 0 1
+1 10
+5 5
+1 5
-12 10
+4 15 5 0 1 0 0 1
+1 10 5
+10 15 5
+3 30 30
-4 15

fn=(1456)
732 56 0 28 2 0 0 2
+1 28 7
+7 33 7
+37 6 6
-2 12
+3 10 5
+3 15 0 10 0 0 1 0 0 1
+1 15 5
+1 20
+4 5
+1 30 25
-45 2 0 0 1 0 0 1
+12 2 0 0 1 0 0 1
+9 3 1
+5 3 1 2
+2 2
-5 1 0 1
+5 1 0 1
+1 1 1
-5 1 0 1
+1 1 0 1
+4 2
-7 1
+10 2 0 0 1 0 0 1
+13 2
-12 2
+1 2
+11 8 8
-12 2
cfn=(1470) _IO_do_write@@GLIBC_2.2.5
calls=2 424 
* 110 28 17 1 0 0 1
+9 8 8
-1 4
+1 4
-1 4 0 4
cfn=(1470)
calls=4 424 
* 420 108 68 7 0 0 7
* 8
-12 2 0 0 1 0 0 1
+1 2 0 1
-28 2 0 1 1 0 0 1
cfi=(225)
cfn=(1458)
calls=1 343 
* 310 70 40 14 4 1 14 0 1
+1 1 1
+9 1 1
-9 5 0 2

fn=(1470)
424 6 0 0 1 0 0 1
+2 18
+1 1 1
-3 15 0 10
fi=(228)
1025 5
fe=(224)
424 40 0 20
+20 5 5
-10 10 5 0 1 0 0 1
+7 20 10
fi=(228)
1025 10 0 0 1 0 0 1
+1 10
fe=(224)
449 20 5 5
cfn=(1502)
calls=5 1174 
* 230 55 30 3 0 0 3
* 5
+1 15 5
+2 5 5 0 1 0 0 1
+4 10 5
-3 10 0 5
-1 10 0 10
+4 10
-30 10
+28 5 0 5
-28 10
+1 40 35
+28 10 5 0 1 0 0 1

fn=(1454) _IO_file_xsputn@@GLIBC_2.2.5
1198 196 0 140 1 0 0 1
+7 28
-7 56 0 28
+6 112 0 0 1 0 0 1
+9 56 28
-2 112 28
+17 3 1
+1 26
+5 26
+2 52 0 26
+2 26
-4 26
+2 26
+2 26
-1 26
-1 26 0 26
cob=(4)
cfi=(175)
cfn=(1480) 0x0000000004b1c430
calls=26 0 
* 515 86 34 4 1 0 4
-2 1
+2 2 0 1
+2 1
-4 1
+2 1
+2 1
-1 1
-1 1 0 1
cob=(4)
cfi=(175)
cfn=(1480)
calls=1 0 
* 16 4 2
+2 27 27
-2 27 0 27
+4 54
+28 252 196 0 1 0 0 1
-55 27 27
+4 27
-4 27
+1 54
-14 1 0 0 1 0 0 1
+44 1 1
fi=(228)
1025 3
+1 2
fe=(224)
1244 1 1
fi=(228)
1025 3
+1 2
fe=(224)
1244 6 2 2
cfn=(1456)
calls=2 732 
* 506 116 75 22 4 1 22 0 1
* 4
+6 4 4
+1 10 0 0 1 0 0 1
+2 6
+11 4
+1 4 0 1
cfi=(225)
cfn=(1472)
calls=1 371 
* 91 25 14 4 0 1 4 0 1
+2 3
-48 147 49 0 0 2 0 0 2
-2 176 0 0 1 0 0 1
446 2
1221 1
+11 3
444 2 0 0 1 0 0 1

fn=(1518)
793 105 0 45 1 0 0 1
+5 60 30 0 0 1 0 0 1
+2 15 15 0 1 0 0 1
+1 30 15
+11 30 0 15 1 0 0 1
+4 75 60

fn=(1462) _IO_file_stat
1147 1 0 0 1 0 0 1
+1 2 1
cfi=(227)
cfn=(1464)
calls=1 30 
* 6 1 0 1 0 0 1

fn=(1760)
382 6 0 2 1 0 0 1
+1 1 0 1
cfi=(225)
cfn=(1762)
calls=1 +69 
* 69 18 17 4 0 0 4
* 2
+3 1 1
+4 2
-2 3 0 3
+3 3 3

fl=(241) ./posix/./posix/register-atfork.c
fn=(1588) __unregister_atfork
82 10 0 5 1 0 0 1
+1 10
-1 20 0 5
+1 10 0 5 1 0 1 1 0 1
fi=(242) ./posix/../malloc/dynarray-skeleton.c
243 5 5 0 0 2 0 0 1
fe=(241)
71 10
+38 20 5 5 2 0 0 2
+1 15 15

fl=(194) ./wcsmbs/./wcsmbs/btowc.c
fn=(802) btowc
32 512 0 256 1 0 0 1
+5 256
-5 2048 256 1024
+5 1536 0 0 1 0 0 1
+5 512
+4 384 384 0 0 1
fi=(249) ./wcsmbs/./wcsmbsload.h
+23 128 128 0 0 1
+1 384 128 0 0 1
fe=(194)
-23 128 128 0 0 1
+1 128 128 0 0 1
-1 128 128 0 1 1 0 1
+1 128
+4 512 128
+3 256 0 128
cfi=(195)
cfn=(804)
calls=128 -19 
* 640 384 0 1 0 0 1
* 512 384
+39 128
-39 256
+39 512 512
-39 128
cfi=(196)
cfn=(806)
calls=128 -6 
* 768 128 0 1 0 0 1
+39 1152 896 0 1 0 0 1

fl=(180)
fn=(600)
30 1 0 0 1 0 0 1
+1 2
-1 4 0 3
+1 4 1 0 1 0 0 1
+2 3 0 1
cob=(4)
cfi=(175)
cfn=(602) 0x0000000004b1c660
calls=1 -33 
* 24 3 0 3 2 0 3
+4 5 1 1 0 0 1
+1 3 2 1
+2 4 4

fl=(220) ./stdlib/../stdlib/strtol.c
fn=(1356) __isoc23_strtol
125 3 0 0 1 0 0 1
+1 15 6 0 1 1 0 1
cfi=(221) ./stdlib/../stdlib/strtol_l.c
cfn=(1358) ____strtol_l_internal
calls=3 238 
* 303 51 36 7 4 0 7 1

fl=(91) ./wcsmbs/../sysdeps/x86_64/multiarch/wcslen.c
fn=(300) wcslen
29 1 0 0 1 0 0 1
fi=(88)
+12 2 2
-1 4
+2 3 1 0 1 0 0 1
+3 2
+4 3
+3 3 0 0 1 0 0 1
fe=(91)
-23 1 1

fl=(205)
fn=(1144)
262 1 0 1 1 0 0 1
fi=(206) ./malloc/../sysdeps/unix/sysv/linux/not-cancel.h
97 3 0 0 1 0 0 1
fe=(205)
262 7 1 3
+5 1 0 1
fi=(206)
97 3
fi=(204)
3143 2
fe=(205)
292 2 1 0 1 1 0 1
+4 3 1 1 0 1 1
fi=(204)
1946 4
+3 1
-3 1 0 0 1 0 0 1
+3 2 0 1 0 0 1 0 0 1
-3 2
+3 126
-3 126
+3 252 0 126 0 0 32 0 0 31
-3 252
+11 1 0 1
fe=(205)
300 3
fi=(204)
1958 1 0 1 0 0 1 0 0 1
+2 1 0 1
fe=(205)
300 1 0 1
cob=(4)
cfi=(175)
cfn=(564) 0x0000000004b1c720
calls=1 0 
* 25 5 1 3 3 0 0 1
+1 4 0 1 1 0 0 1
cob=(4)
cfi=(175)
cfn=(564)
calls=1 0 
* 26 5 1 0 1
+1 4 0 1
cob=(4)
cfi=(175)
cfn=(564)
calls=1 0 
* 25 5 1 0 2 0 0 1
+1 4 0 1
cob=(4)
cfi=(175)
cfn=(564)
calls=1 0 
* 25 5 1 0 2 0 0 1
+1 4 0 1 1 0 0 1
cob=(4)
cfi=(175)
cfn=(564)
calls=1 0 
* 26 5 1 0 2 0 0 1
+1 4 0 1
cob=(4)
cfi=(175)
cfn=(564)
calls=1 0 
* 25 5 1 0 2 0 0 1
+1 4 0 1
cob=(4)
cfi=(175)
cfn=(564)
calls=1 0 
* 25 5 1 0 2 0 0 1
+2 4 0 1 1 0 0 1
cob=(4)
cfi=(175)
cfn=(564)
calls=1 0 
* 25 5 1 0 1
+1 4 0 1
cob=(4)
cfi=(175)
cfn=(564)
calls=1 0 
* 25 5 1 0 2 0 0 1
+1 4 0 1
cob=(4)
cfi=(175)
cfn=(564)
calls=1 0 
* 25 5 1 0 2 0 0 1
+3 4 0 1
cob=(4)
cfi=(175)
cfn=(564)
calls=1 0 
* 25 5 1 0 2 0 0 1
+1 4 0 1 1 0 0 1
cob=(4)
cfi=(175)
cfn=(564)
calls=1 0 
* 25 5 1 0 2 0 0 1
+2 2 1 0 0 1 0 0 1
+10 8 6

fl=(212) ./csu/../csu/libc-start.c
fn=(1308) __libc_start_main@@GLIBC_2.34
242 13 0 7 1 0 0 1
+69 3
+1 3 0 1
cfi=(200)
cfn=(1080)
calls=1 67 
* 76 16 18 0 0 1 0 0 1
+25 6 2 1 1 0 0 1
+6 2 2
-3 2
+10 2 1 1
cob=(4)
cfi=(175)
cfn=(1320) 0x0000000004b1c7b0
calls=1 0 
* 7 3 0 2 2 0 2
+2 2
+8 4 1 1
cfi=(213) ./csu/../sysdeps/nptl/libc_start_call_main.h
cfn=(1324) (below main)
calls=1 29 
* 51163 12410 7069 492 377 116 435 53 12
128 2 2 0 1 1 0 1
+6 3 1 0 0 1
+1 6 2 2 0 1
cob=(4)
cfi=(175)
cfn=(1310) 0x000000000010a000
calls=1 0 
* 7 2 0 1 1 0 1
* 1 1
+3 1 1 0 0 1
+1 2 0 0 1 0 0 1
+3 2 2 0 0 1
+1 2 2
-1 1
+2 7 0 1
+1 4 1 2 1 1 0 1
cob=(8) /home/idoc/projects/os_4/q4/demo
cfi=(211) ???
cfn=(1314) 0x0000000000003000
calls=1 0 
* 12 1 0 2 0 0 2
-1 4 1

fl=(131) ./debug/../sysdeps/x86_64/multiarch/memmove_chk.c
fn=(406) __memmove_chk
29 1
fi=(93)
+28 3 2
-1 2
+4 3 1 0 1 0 0 1
+14 2
+3 2
+8 2
+8 2 0 0 1 0 0 1
+3 5 1 0 1 0 0 1
fe=(131)

fl=(213)
fn=(1324)
29 4 0 2 1 0 0 1
+15 1
-15 5 1 3
+15 1 0 1 1 0 0 1
cfi=(214) ./setjmp/../sysdeps/x86_64/bsd-_setjmp.S
cfn=(1326) _setjmp
calls=1 -16 
* 38 8 11 4 1 0 4
* 1
+2 2
+5 2 1 1 0 1
+1 2 1 1 0 1
+3 2 0 1
+3 6 5 1 1 0 0 1
cob=(8)
cfi=(211)
cfn=(1332) main
calls=1 -58 
* 41732 9375 5520 320 208 100 301 36 11
+16 2 0 1
cfi=(234)
cfn=(1564)
calls=1 +63 
* 9365 3019 1527 165 166 16 127 17 1

fl=(119) ./string/../sysdeps/x86_64/multiarch/strncase_l.c
fn=(366) strncasecmp_l
31 1 0 0 1 0 0 1
fi=(114)
+6 2 2 0 1 0 0 1
-1 4
fe=(119)
-5 2 1
fi=(114)
+7 3 1 0 1 0 0 1
+3 2
+4 3
+3 4
fe=(119)

fl=(112) ./string/../sysdeps/x86_64/multiarch/strncmp.c
fn=(352) strncmp
67 1 0 0 1 0 0 1
-23 2 2 0 1 0 0 1
-1 4
+24 2 1
-22 3 1 0 1 0 0 1
+3 2
+4 3
+3 4

fl=(121) ./string/../sysdeps/x86_64/multiarch/memcmp.c
fn=(374) bcmp
29 2 0 0 2 0 0 1
fi=(122) ./string/../sysdeps/x86_64/multiarch/ifunc-memcmp.h
+5 10 4 0 2 1 0 1
+1 4 2 0 0 1
+1 4
+1 6 2
+3 4
+4 6
+3 8 0 0 2 0 0 1
fe=(121)
-18 4 2

fl=(81) ./string/../sysdeps/x86/cacheinfo.c
fn=(280) __x86_cacheinfo
86 1 0 0 1 0 0 1
fi=(82) ./string/../sysdeps/x86/cacheinfo.h
-27 1 1 0 0 1
+3 3 1 0 1 1 0 1
+2 1
+1 1 0 1 0 0 1 0 0 1
-1 2 0 1
+7 3 1
+2 1
+1 1 0 1
-1 2 0 1 1 0 0 1
+5 2 1 1 0 0 1 0 0 1
+2 2 1 1
+1 2 1 1
+1 2 1 1
+2 2 1 0 1 1 0 1
+2 2 1
fe=(81)

fl=(238) ./nptl/./nptl/pthread_mutex_unlock.c
fn=(1574) pthread_mutex_unlock@@GLIBC_2.2.5
367 1 0 0 1 0 0 1
51 3 1
+1 2 0 0 1 0 0 1
367 3 0 1
57 2
+8 1 0 1
-3 1 0 1
-23 1 1
+1 4 1
+1 1 0 1
+29 1
+2 1
369 2 2
74 2 0 0 1 0 0 1
+6 4 1 0 1 0 0 1
+4 3 2
+3 2 0 1

fl=(223) ./libio/./libio/iofwrite.c
fn=(1452) fwrite
31 168 0 112 1 0 0 1
+1 28
-1 28 0 28
+1 28
-1 56 0 28
+4 168
+2 280 140 28 1 3 0 1 1
+1 85 28 1 1 0 0 1
+1 1 1
fi=(228)
1025 1
fe=(223)
39 1 0 1
fi=(228)
1025 1
+1 2 0 0 1 0 0 1
fe=(223)
39 27 27
fi=(228)
1025 27
fe=(223)
39 27 0 27
fi=(228)
1025 27
+1 54
fe=(223)
39 140 56 28 0 1
cfi=(224)
cfn=(1454)
calls=28 1198 
* 2840 595 377 37 7 2 37 2 2
+6 56
fi=(228)
979 56 28
fe=(223)
45 56
+1 28
+3 252 196
-11 54
fi=(228)
980 252 84 56 2 0 0 2
fe=(223)
37 112 28 56 1 0 0 1

fl=(85) ./string/../sysdeps/x86_64/multiarch/strpbrk.c
fn=(288) strpbrk
29 1 0 0 1 0 0 1
fi=(246)
+7 5 2 0 1 1 0 1
fe=(85)
-7 1 1

fl=(231)
fn=(1504)
25 5 0 0 1 0 0 1
+1 30 5
+1 5 5

fl=(103) ./string/../sysdeps/x86_64/multiarch/strchr.c
fn=(330) index
65 1 0 0 1 0 0 1
-22 2 2
+1 1 1
-2 4
+2 2 0 0 1 0 0 1
+3 2
+4 3
+3 3
+11 1 1

fl=(240) ./stdlib/./stdlib/cxa_finalize.c
fn=(1586) __cxa_finalize
30 10 0 5 1 0 0 1
+3 10
-3 40 0 25
+3 25 0 5
+3 20 5 0 1 0 0 1
+4 162 5
+1 132 66 0 1 4 0 1
+2 11 11
+2 11 11
+36 11
-5 11 0 11
-33 11 0 11
+35 33 22
+3 33 11 11
+1 33 0 11
cob=(7)
cfi=(185)
cfn=(1658) std::ios_base::Init::~Init()
calls=1 -82 
* 5518 1915 892 26 88 1 22 11
cob=(7)
cfi=(185)
cfn=(1656) 0x00000000000b8da0
calls=1 -82 
* 8 2 1 1 0 0 1
cob=(7)
cfi=(185)
cfn=(1648) 0x00000000000b8d50
calls=1 -82 
* 773 254 130 3 9 6 2 2
cob=(7)
cfi=(185)
cfn=(1646) 0x00000000000e75a0
calls=1 -82 
* 2 1 0 1 0 0 1
cob=(7)
cfi=(185)
cfn=(1644) 0x00000000000e8920
calls=1 -82 
* 2 1 0 1 0 0 1
cob=(7)
cfi=(185)
cfn=(1642) 0x00000000000eca30
calls=1 -82 
* 2 1 0 1 0 0 1
cob=(7)
cfi=(185)
cfn=(1640) 0x00000000000eca40
calls=1 -82 
* 2 1 0 1 0 0 1
cob=(7)
cfi=(185)
cfn=(1638) 0x00000000001b4e80
calls=1 -82 
* 2 1
cob=(7)
cfi=(185)
cfn=(1636) 0x00000000001b4e90
calls=1 -82 
* 2 1
cob=(7)
cfi=(185)
cfn=(1634) 0x00000000001b4ea0
calls=1 -82 
* 2 1 0 1 0 0 1
cob=(7)
cfi=(185)
cfn=(1630) 0x00000000001d0060
calls=1 -82 
* 5 2 0 1 1 0 1 1
+1 44 0 11
+4 33 22
-47 34
-4 15 5 0 1 0 0 1
+57 20 5 0 1 1 0 1
+4 30 5 0 0 1
-4 15 5 0 1 0 0 1
+12 10 0 5
cfi=(241)
cfn=(1588)
calls=5 -23 
* 100 25 20 4 2 1 4 1 1
+1 20 5 5
+1 40 35

fl=(89) ./string/../sysdeps/x86_64/multiarch/memset.c
fn=(296) memset
29 2 0 0 1 0 0 1
fi=(90) ./string/../sysdeps/x86_64/multiarch/ifunc-memset.h
+25 10 4
+3 6 2
+7 4 0 0 1 0 0 1
+9 4
+2 4
+10 4
+8 4
+3 10 2
fe=(89)

fl=(104) ./debug/../sysdeps/x86_64/multiarch/memset_chk.c
fn=(332) __memset_chk
29 1
fi=(105) ./debug/../sysdeps/x86_64/multiarch/ifunc-memset.h
+25 5 2
+3 3 1 0 1 0 0 1
+7 2
+9 2
+2 2
+10 2
+8 2
+3 5 1
fe=(104)

fl=(132) ./string/../sysdeps/x86_64/multiarch/stpcpy.c
fn=(410) stpcpy
33 1 0 0 1 0 0 1
fi=(118)
+5 2 2
+1 1 1
-1 2
+1 2
+3 2
+4 3
+3 3
fe=(132)
-16 1 1

fl=(229) ./string/../sysdeps/x86_64/multiarch/memmove-vec-unaligned-erms.S
fn=(1482) __mempcpy_avx_unaligned_erms
242 27 0 0 1 0 0 1
+1 27
+1 27
+1 27
+17 27 0 0 1 0 0 1
+1 27
+2 1 1
+1 1
+1 1
+3 1 1
+1 1 0 1
+1 1 0 1
+3 2 1
+30 26
+1 26
+2 26
+1 26
+2 26
+4 26
+1 19
+1 19
+1 19 19
+1 19
+1 1 1
+1 1 0 1
+2 1 0 1
+2 1 1
-2 18 0 18
+2 18 18
+6 7 7 0 1 0 0 1
+1 7 7
+1 7 0 7
+1 7 0 7
+1 7 7

fl=(123) ./wcsmbs/../sysdeps/x86_64/multiarch/wmemset.c
fn=(378) wmemset
31 2 0 0 1 0 0 1
fi=(124) ./wcsmbs/../sysdeps/x86_64/multiarch/ifunc-wmemset.h
+5 10 4
+1 6 2 0 1 0 0 1
fe=(123)
-6 2 2

fl=(214)
fn=(1326)
28 1 0 0 1 0 0 1
+2 1
+2 1
cfi=(215)
cfn=(1328)
calls=1 -1 
* 35 8 11 3 1 0 3

fl=(120) ./string/../sysdeps/x86_64/multiarch/strchrnul.c
fn=(370) strchrnul
31 1 0 0 1 0 0 1
fi=(84)
+9 3 2
-2 4
fe=(120)
-7 2 1
fi=(84)
+10 2 1 0 1 0 0 1
+1 3 1
+3 2
+4 3
+3 5
fe=(120)

fl=(174) ./nptl/./nptl/pthread_mutex_conf.c
fn=(562) __pthread_tunables_init
55 2 0 1 1 0 0 1
+1 2
-1 2 0 1
+1 2
-1 4 1 1
+1 1 0 1 1 0 0 1
cob=(4)
cfi=(175)
cfn=(564)
calls=1 -56 
* 26 5 1 1 3 0 1 1
+2 4 0 1
cob=(4)
cfi=(175)
cfn=(564)
calls=1 -58 
* 25 5 1 0 2 0 0 1
+2 4 0 1
cob=(4)
cfi=(175)
cfn=(564)
calls=1 -60 
* 26 5 1 0 1
+2 6 5 0 1 0 0 1

fl=(237) ./nptl/./nptl/pthread_mutex_lock.c
fn=(1572) pthread_mutex_lock@@GLIBC_2.2.5
77 1 0 0 1 0 0 1
+3 3 1
+2 1
+2 2 0 0 1 0 0 1
-7 4 0 2
+11 2
+91 1 1 0 1 0 0 1
+3 1 0 1
+2 1 0 1
+3 1
-63 1
+66 3 3
-93 2 0 0 1 0 0 1
+11 4 1 0 1 0 0 1
+4 1 1
+3 2 1
-71 1 1 0 1 0 0 1
+1 7 2
+1 1 0 1
+84 3 1
+1 2 0 1 1 0 0 1

fl=(83) ./string/../sysdeps/x86_64/multiarch/strnlen.c
fn=(284) strnlen
31 2 0 0 1 0 0 1
fi=(84)
+9 6 4 0 0 1
-2 8
fe=(83)
-7 4 2
fi=(84)
+10 4 2 0 1 0 0 1
+1 6 2
+3 4
+4 6
+3 10
fe=(83)

fl=(106) ./string/../sysdeps/x86_64/multiarch/strrchr.c
fn=(336) rindex
28 1
fi=(84)
+12 3 2
-2 4
fe=(106)
-10 2 1
fi=(84)
+13 2 1 0 1 0 0 1
+1 3 1
+3 2
+4 3
+3 5
fe=(106)

fl=(133) ./string/../sysdeps/x86_64/multiarch/memmove.c
fn=(414) memmove
29 2 0 0 1 0 0 1
fi=(99)
+28 6 4
-1 4
+4 6 2
+14 4
+3 4
+8 4
+8 4 0 0 1 0 0 1
+3 10 2 0 2 0 0 2
fe=(133)

fl=(171) ./ctype/./ctype/ctype-info.c
fn=(556) __ctype_init
29 1 0 0 1 0 0 1
+2 7 5 1 1 4 0 1
+2 4 2 1 0 1
+2 4 2 1
+1 1 1

fl=(232) ./libio/./libio/iofflush.c
fn=(1516) fflush
32 14 0 0 1 0 0 1
+1 28
-1 70 0 42 1 0 0 1
+7 28 14 0 0 1
+1 14 14 0 0 1
fi=(228)
1025 42
+1 28
fe=(232)
40 28 14 14
cfi=(224)
cfn=(1518)
calls=14 793 
* 294 112 56 3 1 0 3 1
* 28
fi=(228)
979 28 14
+1 112 42 28
fe=(232)
44 70 56
-5 140 56 28 4 1 0 4

fl=(226)
fn=(1460)
78 11 1 5 2 0 0 2
+6 4 2 0 0 1
fi=(228)
1025 3
+1 2
fe=(226)
84 3 1 1 1 1 0 1
cfi=(224)
cfn=(1462)
calls=1 1147 
* 9 2 0 2 0 0 2
* 2
+2 4 1
+11 4 1
+4 2 0 1
cob=(4)
cfi=(175)
cfn=(1466) 0x0000000004b1c3f0
calls=1 0 
* 179 37 18 1 1 1 1 0 1
* 1
+1 2
+2 4 0 1 1 0 0 1
cfi=(225)
cfn=(1468)
calls=1 329 
* 29 8 8 2 0 0 2
+1 1
+1 9 7
-15 1 1 0 1 0 0 1
fi=(250) ./libio/../include/sys/sysmacros.h
-44 6
fe=(226)
+44 1
-2 2 0 0 1 0 0 1
+5 2 0 1

fl=(92) ./debug/../sysdeps/x86_64/multiarch/mempcpy_chk.c
fn=(304) __mempcpy_chk
29 1 0 0 1 0 0 1
fi=(93)
+28 3 2
-1 2
+4 3 1
+14 2
+3 2
+8 2
+8 2 0 0 1 0 0 1
+3 5 1 0 2 0 0 2
fe=(92)

fl=(208)
fn=(1156)
37 16 0 8 2 0 0 2
+3 2 2
+3 2 2
-3 2 2
+3 2
+35 7 5
-20 4 0 0 1 0 0 1
+4 4
+4 4
+8 1 0 1
cfi=(209)
cfn=(1158)
calls=1 -38 
* 9 2 1
* 2
+4 7 5
-19 2 0 1 1 0 0 1
cfi=(209)
cfn=(1158)
calls=1 -23 
* 9 2 1 2 0 0 2
* 2
+4 2 1 0 1 0 0 1

fl=(107) ./wcsmbs/../sysdeps/x86_64/multiarch/wcscmp.c
fn=(340) wcscmp
30 1 0 0 1 0 0 1
fi=(101)
+10 3 2
-2 4
fe=(107)
-8 2 1
fi=(101)
+11 2 1 0 1 0 0 1
+1 3 1
+3 2
+4 3
+3 5
fe=(107)

fl=(192) ./locale/./locale/uselocale.c
fn=(790) uselocale
30 2 0 0 1 0 0 1
+1 6 4 0 1 1 0 1
+2 4
+3 4
+1 2 0 2
+28 6 4 2 0 1
+1 6 4 2
+2 6 4 2 1 1 0 1
+4 6
+1 2 2

fl=(176) ./nptl/../sysdeps/unix/sysv/linux/x86/elision-conf.c
fn=(566) __lll_elision_init
92 2 0 1 1 0 0 1
+4 1
-4 2 0 1
+4 2
-4 1
+4 1
-4 3 1 1
+4 1 0 1 1 0 0 1
cob=(4)
cfi=(175)
cfn=(564)
calls=1 -96 
* 26 5 1 0 2 0 0 1
+2 4 0 1
cob=(4)
cfi=(175)
cfn=(564)
calls=1 -98 
* 26 5 1 0 2 0 0 1
+2 4 0 1
cob=(4)
cfi=(175)
cfn=(564)
calls=1 0 
* 26 5 1 0 2 0 0 1
+2 4 0 1
cob=(4)
cfi=(175)
cfn=(564)
calls=1 0 
* 26 5 1 0 2 0 0 1
+2 4 0 1 1 0 0 1
cob=(4)
cfi=(175)
cfn=(564)
calls=1 0 
* 26 5 1 0 1
+3 3 1 0 0 1 0 0 1
+1 1 0 1 0 0 1 0 0 1
+1 6 5

fl=(190) ./locale/./locale/newlocale.c
fn=(714) newlocale
43 15 1 8 2 0 0 2
+12 2
277 12 9 0 1 0 0 1
63 2 0 0 1 0 0 1
+3 1
-10 1 0 1
+10 2
+7 3 2 0 1 0 0 1
+2 1
-2 1 0 0 1 0 0 1

fl=(199) ./string/../sysdeps/x86_64/multiarch/memcmp-avx2-movbe.S
fn=(826) __memcmp_avx2_movbe
73 50 0 0 2 0 0 1
+7 50
+1 50
+3 1 1
+1 1 1
+1 1
+4 1
+1 1 0 0 1 0 0 1
+2 1
+1 1
+3 1 1
+1 1 1
+1 1
+3 1
+1 1
+3 1
+1 1
+3 1 1
+1 1 1
+1 1
+1 1
+1 1 0 0 1 0 0 1
+1 1 1
+1 1 1
+1 1
+1 1
+1 1
+3 1
+1 1
+6 1 1
+1 1 1
+1 1
+1 1
+4 1 1 0 1 0 0 1
+1 1 1
+2 1 1
+1 1 1
+1 1 1
+1 1 1
+3 1
+1 1
+1 1
+1 1
+1 1
+1 1
+2 2 1
+4 39 0 0 1 0 0 1
+10 39 39
+1 39 39
+1 39
+3 78 39
401 49 0 0 1 0 0 1
+1 49
+5 49
+1 49
+1 49
+1 49
+1 49
+3 49 49
+1 49 49
+1 49
+1 49
+3 49
+1 49
+1 10
+1 20 10

fl=(221)
fn=(1358)
238 15 0 9
+54 3
-54 3 0 3
+19 3
-19 12 0 9
+14 3 3 0 0 1
-14 9 0 6
+26 6 0 0 1 0 0 1
+31 12
+9 18 12 0 0 2 0 0 1
+2 6 0 0 1 0 0 1
+5 6
-1 3 0 3
+6 6
+4 6
+15 6
+10 12 0 3 1 0 0 1
-87 6
395 3
+56 15 3 0 0 1
+26 3 3
+1 3
-84 3
-1 3 0 0 1 0 0 1
+96 6
-5 6
+5 3
+1 9
-41 6 3
+2 12
+2 9
+28 9 0 0 1 0 0 1
+3 6
+11 6 0 0 1 0 0 1
+5 9 3
+1 3 0 3
+5 6
+3 3 3
+15 3
-15 6
-2 6
+39 24 21
342 6 0 0 1 0 0 1

fl=(125) ./string/../sysdeps/x86_64/multiarch/strcpy.c
fn=(382) strcpy
29 1 0 0 1 0 0 1
fi=(118)
+9 2 2
+1 1 1
-1 2
+1 2 0 0 1 0 0 1
+3 2
+4 3
+3 3
fe=(125)
-20 1 1

fl=(201) ./stdlib/./stdlib/secure-getenv.c
fn=(1122) secure_getenv
28 1 0 0 1 0 0 1
+1 5 2 0 0 2
cfi=(202)
cfn=(1124)
calls=1 -5 
* 441 124 10 12 34 0 11 13

fl=(203) ./string/../sysdeps/x86_64/multiarch/strcmp-avx2.S
fn=(1128) __strncmp_avx2
206 6 0 0 1 0 0 1
+24 6
+5 6
+14 6
+25 6
+1 6
+1 6
+2 6
+1 6 0 0 1 0 0 1
+4 5 5
+4 5 5 0 0 2 0 0 2
+2 5
+2 5
+3 5
+2 5
+1 5
+11 5
+10 5 5
+1 5 5
+3 5
+4 10 5
+5 5
+1 5
+1 5
957 2 0 0 1 0 0 1
+1 2
+1 2
+1 2
+2 2
+3 2
+1 2
+27 1 1 0 1 0 0 1
+1 1 1
+1 1
+1 1
+1 1
+1 1
+2 1
+47 1 1 0 1 0 0 1
+1 1 1
+3 1
+1 1
+1 1
+3 2 1
+7 1
+1 1
+1 1
+1 1
+10 2 0 0 1 0 0 1
+1 2
+3 1
+1 1
+1 1
+1 1
+6 1 0 0 1 0 0 1
+2 1
+3 1
+1 1

fl=(172) ./resource/../sysdeps/unix/sysv/linux/getrlimit64.c
fn=(558) getrlimit
38 2 0 0 1 0 0 1
+1 7 0 0 1 0 0 1
+1 1 1

fl=(170) ./elf/./elf/libc_early_init.c
fn=(554) __libc_early_init
33 9 1 3 2 0 0 2
+2 1 0 1
cfi=(171)
cfn=(556)
calls=1 -6 
* 17 10 3 2 5 0 2
+3 1 1 0 0 1
fi=(173) ./elf/../sysdeps/nptl/pthread_early_init.h
-5 2
fe=(170)
+8 1 0 1 0 0 1 0 0 1
-3 1 0 1 0 0 1 0 0 1
+3 1 0 1
fi=(173)
-8 1 0 1
cfi=(172)
cfn=(558)
calls=1 +5 
* 10 1 0 2 0 0 2
* 3
+1 1 1 0 1 0 0 1
+4 5
+7 1 1
fi=(251) ./elf/../nptl/nptl-stack.h
+16 3 2 0 0 1
fi=(173)
-16 1 1
fi=(251)
+16 2
fi=(173)
-7 1 0 1 0 0 1 0 0 1
fi=(251)
+7 3 0 0 1 0 0 1
fi=(173)
-9 1
-6 1
+2 2
+4 4 0 1
+1 1 0 1 0 0 1 0 0 1
+3 1 0 1
cfi=(174)
cfn=(562)
calls=1 -1 
* 104 21 9 4 6 0 4 2
fe=(170)
-9 3 2 0 1 0 0 1
+2 2 2
-2 1
cfi=(176)
cfn=(566)
calls=1 +45 
* 169 32 14 3 10 1 3 5 1

fl=(216)
fn=(1330)
28 6 0 2
+2 2
-1 1 0 1
+5 4 3

ob=(3) /usr/lib/x86_64-linux-gnu/libm.so.6
fl=(145) ./math/../sysdeps/x86_64/fpu/multiarch/e_expf.c
fn=(448) expf@@GLIBC_2.27
27 1 0 0 1 0 0 1
fi=(142) ./math/../sysdeps/x86_64/fpu/multiarch/ifunc-fma.h
+2 4 2 0 1 0 0 1
+1 3 1
fe=(145)
-3 1 1

fl=(157) ./math/../sysdeps/x86_64/fpu/multiarch/s_sinf.c
fn=(492) sinf
26 1 0 0 1 0 0 1
fi=(142)
+3 4 2
+1 3 1
fe=(157)
-4 1 1

fl=(150) ./math/../sysdeps/x86_64/fpu/multiarch/e_powf.c
fn=(468) powf@@GLIBC_2.27
30 1 0 0 1 0 0 1
fi=(142)
-1 4 2
+1 4 2
fe=(150)

fl=(161) ./math/../sysdeps/x86_64/fpu/multiarch/e_atan2.c
fn=(510) __atan2_finite@GLIBC_2.15
26 1 0 0 1 0 0 1
fi=(144) ./math/../sysdeps/x86_64/fpu/multiarch/ifunc-avx-fma4.h
+6 5 2
+1 2 1 0 1 0 0 1
fe=(161)
-7 1 1

fl=(156) ./math/../sysdeps/x86_64/fpu/multiarch/e_asin.c
fn=(498) __asin_finite@GLIBC_2.15
27 1 0 0 1 0 0 1
fi=(152) ./math/../sysdeps/x86_64/fpu/multiarch/ifunc-fma4.h
+4 4 2
+1 2 1
fe=(156)
-5 1 1

fn=(488) __acos_finite@GLIBC_2.15
35 1 0 0 1 0 0 1
fi=(152)
-4 4 2
+1 2 1 0 1 0 0 1
+3 1 1
fe=(156)

fl=(159) ./math/../sysdeps/x86_64/fpu/multiarch/s_expm1.c
fn=(502) expm1
26 1 0 0 1 0 0 1
fi=(142)
+3 4 2
+1 3 1 0 1 0 0 1
fe=(159)
-4 1 1

fl=(154) ./math/../sysdeps/x86_64/fpu/multiarch/s_log1p.c
fn=(480) __log1p
26 1 0 0 1 0 0 1
fi=(142)
+3 4 2
+1 3 1
fe=(154)
-4 1 1

fl=(149) ./math/../sysdeps/x86_64/fpu/multiarch/s_sincosf.c
fn=(464) sincosf
26 1 0 0 1 0 0 1
fi=(142)
+3 4 2 0 1 0 0 1
+1 3 1
fe=(149)
-4 1 1

fl=(148) ./math/../sysdeps/x86_64/fpu/multiarch/e_log2.c
fn=(460) log2@@GLIBC_2.29
27 1 0 0 1 0 0 1
fi=(142)
+2 4 2
+1 3 1
fe=(148)
-3 1 1

fl=(143) ./math/../sysdeps/x86_64/fpu/multiarch/e_exp.c
fn=(444) __exp_finite@GLIBC_2.15
27 1 0 0 1 0 0 1
fi=(144)
+5 5 2
+1 2 1
fe=(143)
-6 1 1 0 1 0 0 1

fl=(147) ./math/../sysdeps/x86_64/fpu/multiarch/e_logf.c
fn=(456) logf@@GLIBC_2.27
27 1 0 0 1 0 0 1
fi=(142)
+2 4 2
+1 3 1
fe=(147)
-3 1 1

fl=(160) ./math/../sysdeps/x86_64/fpu/multiarch/e_exp2f.c
fn=(506) exp2f@@GLIBC_2.27
27 1 0 0 1 0 0 1
fi=(142)
+2 4 2
+1 3 1
fe=(160)
-3 1 1

fl=(162) ./math/../sysdeps/x86_64/fpu/multiarch/s_sincos.c
fn=(518) sincos
26 1 0 0 1 0 0 1
fi=(152)
+5 4 2 0 1 0 0 1
+1 2 1
fe=(162)
-6 1 1

fl=(155) ./math/../sysdeps/x86_64/fpu/multiarch/e_log.c
fn=(484) __log_finite@GLIBC_2.15
27 1 0 0 1 0 0 1
fi=(144)
+5 5 2
+1 2 1
fe=(155)
-6 1 1 0 1 0 0 1

fl=(153) ./math/../sysdeps/x86_64/fpu/multiarch/e_log2f.c
fn=(476) log2f@@GLIBC_2.27
27 1 0 0 1 0 0 1
fi=(142)
+2 4 2
+1 3 1 0 1 0 0 1
fe=(153)
-3 1 1

fl=(158) ./math/../sysdeps/x86_64/fpu/multiarch/s_fma.c
fn=(496) fma
49 6 3 0 2 0 0 2

fl=(183) ???
fn=(612) 0x00000000000104e0
0 12 1 0 3 0 0 3

fn=(1742) 0x0000000000010430
0 5 1 0 2 0 0 1

fn=(1732) 0x00000000000104a0
0 9 3 2 2 2
cob=(4)
cfi=(175)
cfn=(1738) 0x0000000004d16220
calls=1 0 
0 134 31 13 1 0 0 1
0 1 0 1
cfn=(1742)
calls=1 0 
0 5 1 0 2 0 0 1
0 3 2 1

fl=(151) ./math/../sysdeps/x86_64/fpu/multiarch/e_pow.c
fn=(472) __pow_finite@GLIBC_2.15
27 1 0 0 1 0 0 1
fi=(152)
+4 4 2 0 1 0 0 1
+1 2 1
fe=(151)
-5 1 1

fl=(141) ./math/../sysdeps/x86_64/fpu/multiarch/s_cosf.c
fn=(440) cosf
26 1 0 0 1 0 0 1
fi=(142)
+3 4 2
+1 3 1
fe=(141)
-4 1 1

fl=(146) ./math/../sysdeps/x86_64/fpu/multiarch/s_sin.c
fn=(452) cos
34 1 0 0 1 0 0 1
fi=(144)
-2 5 2 0 1 0 0 1
+1 2 1
fe=(146)
+1 1 1

fn=(514) sin
27 1 0 0 1 0 0 1
fi=(144)
+5 5 2
+1 2 1
fe=(146)
-6 1 1

ob=(5) /usr/libexec/valgrind/vgpreload_core-amd64-linux.so
fl=(178) ???
fn=(1614) 0x0000000000001060
0 5 1 0 2 0 0 1

fn=(1604) 0x00000000000010d0
0 9 3 2 1 2
cob=(4)
cfi=(175)
cfn=(1610) 0x000000000483d030
calls=1 0 
0 134 31 13 1
0 1 0 1
cfn=(1614)
calls=1 0 
0 5 1 0 2 0 0 1
0 3 2 1 1

fn=(592) 0x0000000000001110
0 12 1 0 3 0 0 3

ob=(4)
fl=(175)
fn=(588) 0x000000000483d000
0 7 2 0 1 1 0 1

fn=(678) 0x00000000048e97a0
0 2 1 0 1 1 0 1
cob=(7)
cfi=(185)
cfn=(682) std::ctype<char>::ctype(unsigned short const*, bool, unsigned long)
calls=1 0 
0 3867 1211 656 32 57 12 32 18 9
cob=(1)
cfi=(186) ./elf/../sysdeps/x86_64/dl-trampoline.h
cfn=(642) _dl_runtime_resolve_xsave
calls=1 71 
0 702 245 127 0 7
0 5 2 2 1 0 0 1

fn=(762) 0x00000000048ebec0
0 2 1 0 1 1 0 1
cob=(7)
cfi=(185)
cfn=(766) std::__timepunct<char>::_M_initialize_timepunct(__locale_struct*)
calls=1 0 
0 157 35 33 13 3 0 13
cob=(1)
cfi=(186)
cfn=(642)
calls=1 71 
0 962 288 127 0 7 0 0 2
0 5 2 2 1 0 0 1

fn=(846) 0x00000000048ea060
0 2 1 0 1 1 0 1
cob=(7)
cfi=(185)
cfn=(850) std::__cxx11::moneypunct<wchar_t, true>::_M_initialize_moneypunct(__locale_struct*, char const*)
calls=1 0 
0 109 30 31 6 0 0 6
cob=(1)
cfi=(186)
cfn=(642)
calls=1 71 
0 1050 303 127 0 7 0 0 1
0 5 2 2 1 0 0 1

fn=(852) 0x00000000048ec3b0
0 2 1 0 1 0 0 1
cob=(7)
cfi=(185)
cfn=(856) std::__timepunct<wchar_t>::__timepunct(std::__timepunct_cache<wchar_t>*, unsigned long)
calls=1 0 
0 1176 335 171 17 12 1 17 3 1
cob=(1)
cfi=(186)
cfn=(642)
calls=1 71 
0 885 276 127 0 7
0 5 2 2

fn=(1126)
0 12 6 0 1 1 0 1
cob=(2)
cfi=(203)
cfn=(1128)
calls=6 206 
0 178 30 0 7 2 0 7 2

fn=(1348) 0x000000000010a2c0
0 6 3 0 1 1 0 1
cob=(2)
cfi=(198)
cfn=(822)
calls=3 52 
0 42 6

fn=(1382) 0x000000000010a370
0 16 8 0 2 0 0 1
cob=(7)
cfi=(185)
cfn=(1384) operator delete(void*)
calls=8 0 
0 1535 498 253 15 21 20 12 1 1

fn=(1552) 0x00000000048eacf0
0 2 1 0 1 1 0 1
cob=(2)
cfi=(198)
cfn=(822)
calls=1 52 
0 22 3 0 2 1 0 2 1
cob=(1)
cfi=(186)
cfn=(642)
calls=1 71 
0 802 280 134 6 11
0 5 2 2 1 0 0 1

fn=(1730) 0x0000000004aed748
0 4 1 0 1 0 0 1

fn=(630) 0x00000000048e5000
0 7 2 0 1 1 0 1

fn=(564)
0 40 20 0 2 2 0 1
cob=(1)
cfi=(11) ./elf/./elf/dl-tunables.c
cfn=(28) __tunable_get_val
calls=20 387 
0 469 80 20 2 36 0 0 16

fn=(798) 0x00000000048ecb80
0 512 256 0 1 1 0 1
cob=(2)
cfi=(194)
cfn=(802)
calls=256 32 
0 11136 3712 1408 6 6 0 6
cob=(1)
cfi=(186)
cfn=(642)
calls=1 71 
0 734 274 132 0 8 0 0 1
0 5 2 2 1 0 0 1

fn=(808) 0x00000000048eaf00
0 24 12 0 1 1 0 1
cob=(7)
cfi=(185)
cfn=(812) std::ctype<wchar_t>::_M_convert_to_wmask(unsigned short) const
calls=12 0 
0 4218 946 321 17 20 0 17 8
cob=(1)
cfi=(186)
cfn=(642)
calls=1 71 
0 814 263 127 0 8 0 0 3
0 5 2 2 1 0 0 1

fn=(814) 0x00000000048ea580
0 20 10 0 1 1 0 1
cob=(2)
cfi=(197)
cfn=(818)
calls=10 26 
0 3300 646 187 9 11 0 9 5
cob=(1)
cfi=(186)
cfn=(642)
calls=1 71 
0 747 276 132 0 8 0 0 3
0 5 2 2 1 0 0 1

fn=(890) 0x00000000048e9a50
0 2 1 0 1 1 0 1
cob=(7)
cfi=(185)
cfn=(894) std::moneypunct<char, false>::_M_initialize_moneypunct(__locale_struct*, char const*)
calls=1 0 
0 114 38 31 4 0 1 4
cob=(1)
cfi=(186)
cfn=(642)
calls=1 71 
0 1002 295 127 0 9 0 0 3
0 5 2 2 1 0 0 1

fn=(1018) 0x00000000048e9780
0 2 1 0 0 1
cob=(7)
cfi=(185)
cfn=(1022) std::locale::locale(std::locale::_Impl*)
calls=1 0 
0 3 1 1 1 0 1 1
cob=(1)
cfi=(186)
cfn=(642)
calls=1 71 
0 734 250 127 0 6 0 0 2
0 5 2 2 1 0 0 1

fn=(1032) 0x00000000048ec6e0
0 8 4 0 1 1 0 1
cob=(7)
cfi=(185)
cfn=(1036) std::basic_ios<char, std::char_traits<char> >::init(std::basic_streambuf<char, std::char_traits<char> >*)
calls=4 0 
0 3859 1299 680 19 36 0 19 8
cob=(1)
cfi=(186)
cfn=(642)
calls=1 71 
0 1025 298 127 0 7 0 0 1
0 5 2 2 1

fn=(1044) 0x00000000048eb9c0
0 16 8 0 1 1 0 1
cob=(7)
cfi=(185)
cfn=(1048) std::locale::operator=(std::locale const&)
calls=8 0 
0 184 64 32 2 0 0 2
cob=(1)
cfi=(186)
cfn=(642)
calls=1 71 
0 694 243 127 0 7 0 0 1
0 5 2 2 1 0 0 1

fn=(1068) 0x00000000048ed270
0 8 4 0 1 1 0 1
cob=(7)
cfi=(185)
cfn=(1072) std::basic_ios<wchar_t, std::char_traits<wchar_t> >::_M_cache_locale(std::locale const&)
calls=4 0 
0 224 100 36 2 0 0 2
cob=(1)
cfi=(186)
cfn=(642)
calls=1 71 
0 985 292 127 0 7 0 0 2
0 5 2 2 1 0 0 1

fn=(1320)
0 2 1 0 1 1 0 1
cob=(1)
cfi=(48) ./elf/./elf/dl-audit.c
cfn=(1322) _dl_audit_preinit
calls=1 118 
0 5 2 0 1 1 0 1

fn=(1352) 0x000000000010a270
0 6 3 0 1 0 0 1
cob=(2)
cfi=(219)
cfn=(1354)
calls=3 25 
0 12 9 0 1 1 0 1

fn=(1402) 0x00000000048ea4c0
0 22 11 0 1 1 0 1
cob=(7)
cfi=(185)
cfn=(1406) std::ostream& std::ostream::_M_insert<long>(long)
calls=11 0 
0 9821 2728 1473 95 80 12 87 10 3
cob=(1)
cfi=(186)
cfn=(642)
calls=1 71 
0 713 248 127 0 10 2 0 1
0 5 2 2 1 0 0 1

fn=(1526) 0x000000000010a300
0 2 1
cob=(2)
cfi=(233)
cfn=(1528)
calls=1 158 
0 13 1 2 3 0 0 3

fn=(1600) 0x000000000010cfe0
0 4 1

fn=(1628) 0x00000000048e92b0
0 2 1 0 1 0 0 1
cob=(2)
cfi=(240)
cfn=(1586)
calls=1 30 
0 6704 2298 1091 37 99 7 32 14

fn=(1666) 0x00000000048ebe80
0 4 2 0 0 1
cob=(7)
cfi=(185)
cfn=(1670) __cxa_get_globals
calls=2 0 
0 960 339 142 9 27 0 5 2
cob=(1)
cfi=(186)
cfn=(642)
calls=1 71 
0 690 242 127 0 9 0 0 2
0 5 2 2 1 0 0 1

fn=(756) 0x00000000048eba00
0 2 1 0 1 1 0 1
cob=(7)
cfi=(185)
cfn=(760) std::__timepunct<char>::__timepunct(std::__timepunct_cache<char>*, unsigned long)
calls=1 0 
0 1155 333 172 17 11 0 17 2
cob=(1)
cfi=(186)
cfn=(642)
calls=1 71 
0 921 289 134 0 8 0 0 1
0 5 2 2 1 0 0 1

fn=(828) 0x00000000048ea5a0
0 2 1
cob=(7)
cfi=(185)
cfn=(832) std::codecvt<wchar_t, char, __mbstate_t>::codecvt(unsigned long)
calls=1 0 
0 44 13 10 2 0 2 2 0 2
cob=(1)
cfi=(186)
cfn=(642)
calls=1 71 
0 782 258 127 0 7 0 0 2
0 5 2 2 1 0 0 1

fn=(1056) 0x00000000048ec920
0 8 4 0 1 1 0 1
cob=(7)
cfi=(185)
cfn=(1060) std::basic_ios<char, std::char_traits<char> >::_M_cache_locale(std::locale const&)
calls=4 0 
0 224 100 36 3 1 0 3
cob=(1)
cfi=(186)
cfn=(642)
calls=1 71 
0 985 292 127 0 8 0 0 3
0 5 2 2 1 0 0 1

fn=(1076) 0x00000000048ea620
0 22 11 0 1 1 0 1
cob=(2)
cfi=(200)
cfn=(1080)
calls=11 67 
0 832 176 199 7 3 6 7 1 5
cob=(1)
cfi=(186)
cfn=(642)
calls=1 71 
0 902 301 139 3 25 0 0 5
0 5 2 2 1 0 0 1

fn=(1420) 0x00000000048ec620
0 2 1 0 1 1 0 1
cob=(2)
cfi=(199)
cfn=(826)
calls=1 73 
0 47 17 0 4 0 0 3
cob=(1)
cfi=(186)
cfn=(642)
calls=1 71 
0 758 278 134 4 13 6 1 5 1
0 5 2 2 1 0 0 1

fn=(1544) 0x00000000048eb8a0
0 8 4 0 1 1 0 1
cob=(7)
cfi=(185)
cfn=(1508) std::ostream::flush()
calls=4 0 
0 3145 1130 535 13 56 1 9 7
cob=(1)
cfi=(186)
cfn=(642)
calls=1 71 
0 681 241 127 0 6
0 5 2 2 1 0 0 1

fn=(1545) 0x00000000048eb8a0'2
0 2 1
cob=(7)
cfi=(185)
cfn=(1509) std::ostream::flush()'2
calls=1 0 
0 136 54 24

fn=(1660) 0x00000000048ea970
0 4 2 0 1 1 0 1
cob=(7)
cfi=(185)
cfn=(1664) std::uncaught_exception()
calls=2 0 
0 1677 591 275 11 38 0 7 4
cob=(1)
cfi=(186)
cfn=(642)
calls=1 71 
0 722 248 127 0 8 1 0 2
0 5 2 2 1 0 0 1

fn=(1700) 0x0000000004a2cce4
0 4 1 0 1 0 0 1

fn=(1748) 0x0000000004d943a8
0 4 1 0 1 0 0 1

fn=(636) 0x00000000048ec040
0 2 1 0 1 1 0 1
cob=(7)
cfi=(185)
cfn=(648) std::ios_base::Init::Init()
calls=1 0 
0 83515 24970 11848 403 544 158 397 114 116
cob=(1)
cfi=(186)
cfn=(642)
calls=1 71 
0 718 247 127 12 13 7 12 0 1
0 5 2 2 1 1 0 1

fn=(666) 0x00000000048ea410
0 2 1 0 1 1 0 1
cob=(7)
cfi=(185)
cfn=(670) std::locale::_Impl::_Impl(unsigned long)
calls=1 0 
0 71846 21288 9651 325 439 105 323 91 94
cob=(1)
cfi=(186)
cfn=(642)
calls=1 71 
0 702 245 127 0 6 1 0 1 1
0 5 2 2 1 0 0 1

fn=(672) 0x00000000048ea3e0
0 14 7 0 1 0 0 1
cob=(7)
cfi=(185)
cfn=(676) std::locale::facet::_S_get_c_name()
calls=7 0 
0 21 7 0 1 0 0 1
cob=(1)
cfi=(186)
cfn=(642)
calls=1 71 
0 812 259 127 0 11 3 0 2
0 5 2 2

fn=(768) 0x00000000048e9630
0 2 1 0 1 1 0 1
cob=(7)
cfi=(185)
cfn=(772) std::__cxx11::messages<char>::messages(unsigned long)
calls=1 0 
0 51 15 12 2 1 0 2
cob=(1)
cfi=(186)
cfn=(642)
calls=1 71 
0 745 253 127 0 5
0 5 2 2 1 0 0 1

fn=(786) 0x00000000048ec000
0 4 2 0 1 0 0 1
cob=(2)
cfi=(192)
cfn=(790)
calls=2 30 
0 44 18 8 3 3 0 3
cob=(1)
cfi=(186)
cfn=(642)
calls=1 71 
0 771 279 132 0 15 0 0 6
0 5 2 2 1 0 0 1

fn=(792) 0x00000000048eb040
0 256 128 0 1 1 0 1
cob=(2)
cfi=(193)
cfn=(796)
calls=128 30 
0 3200 1024 640 2 0 0 2
cob=(1)
cfi=(186)
cfn=(642)
calls=1 71 
0 859 293 139 2 16 0 0 4
0 5 2 2 1 0 0 1

fn=(864) 0x00000000048e9ca0
0 2 1 0 1 0 0 1
cob=(7)
cfi=(185)
cfn=(868) std::__cxx11::messages<wchar_t>::messages(unsigned long)
calls=1 0 
0 51 15 12 1 1 1 1 0 1
cob=(1)
cfi=(186)
cfn=(642)
calls=1 71 
0 745 253 127 0 6 0 0 1
0 5 2 2 1 0 0 1

fn=(938) 0x00000000048eb0a0
0 2 1 0 1 1 0 1
cob=(7)
cfi=(185)
cfn=(942) std::numpunct<wchar_t>::_M_initialize_numpunct(__locale_struct*)
calls=1 0 
0 353 75 75 5 0 0 5
cob=(1)
cfi=(186)
cfn=(642)
calls=1 71 
0 938 284 127 0 5
0 5 2 2 1 0 0 1

fn=(1136) 0x00000000048ea210
0 18 9 0 1 1 0 1
cob=(2)
cfi=(204)
cfn=(1140)
calls=9 3294 
0 3156 470 450 71 32 54 68 13 51
cob=(1)
cfi=(186)
cfn=(642)
calls=1 71 
0 894 307 146 4 14 0 0 1
0 5 2 2 1 0 0 1

fn=(1360) 0x000000000010a3d0
0 6 3 0 1 1 0 1
cob=(7)
cfi=(185)
cfn=(1362) std::__cxx11::basic_string<char, std::char_traits<char>, std::allocator<char> >::_M_dispose()
calls=3 0 
0 18 6 0 2 0 0 2

fn=(1408) 0x00000000048ed360
0 78 39 0 1 1 0 1
cob=(7)
cfi=(185)
cfn=(1412) std::ostream::sentry::sentry(std::ostream&)
calls=39 0 
0 1005 370 259 3 2 0 3
cob=(1)
cfi=(186)
cfn=(642)
calls=1 71 
0 709 246 127 0 9 0 0 2
0 5 2 2 1 0 0 1

fn=(1409) 0x00000000048ed360'2
0 2 1
cob=(7)
cfi=(185)
cfn=(1413) std::ostream::sentry::sentry(std::ostream&)'2
calls=1 0 
0 22 8 6

fn=(1492) 0x00000000048ebb60
0 8 4 0 0 1
cob=(2)
cfi=(230)
cfn=(1496)
calls=4 25 
0 768 204 120 13 0 0 13
cob=(1)
cfi=(186)
cfn=(642)
calls=1 71 
0 742 275 132 0 13 0 0 7
0 5 2 2 1 0 0 1

fn=(1650) 0x00000000048eb320
0 4 2 0 1 1
cob=(7)
cfi=(185)
cfn=(1654) std::error_category::~error_category()
calls=2 0 
0 4 2
cob=(1)
cfi=(186)
cfn=(642)
calls=1 71 
0 760 250 127 0 8 5 0 2
0 5 2 2 1 0 0 1

fn=(1678) 0x00000000048ec980
0 6 3 0 1 1 0 1
cob=(7)
cfi=(185)
cfn=(1682) std::basic_ostream<wchar_t, std::char_traits<wchar_t> >::flush()
calls=3 0 
0 1593 546 244 8 19 0 8 2
cob=(1)
cfi=(186)
cfn=(642)
calls=1 71 
0 873 274 127 0 7 0 0 2
0 5 2 2 1 0 0 1

fn=(1679) 0x00000000048ec980'2
0 2 1
cob=(7)
cfi=(185)
cfn=(1683) std::basic_ostream<wchar_t, std::char_traits<wchar_t> >::flush()'2
calls=1 0 
0 136 54 24

fn=(1720) 0x0000000004aca3c0
0 2 1 0 1 0 0 1
cob=(2)
cfi=(240)
cfn=(1586)
calls=1 30 
0 132 30 13 0 1

fn=(602)
0 2 1 0 1 1 0 1
cob=(2)
cfi=(181)
cfn=(604)
calls=1 53 
0 22 2 0 2 1 0 2

fn=(720) 0x00000000048eb0e0
0 64 32 0 1 1 0 1
cob=(7)
cfi=(185)
cfn=(724) std::locale::_Impl::_M_install_facet(std::locale::id const*, std::locale::facet const*)
calls=32 0 
0 13455 3993 513 10 14 0 10 8
cob=(1)
cfi=(186)
cfn=(642)
calls=1 71 
0 942 284 127 0 7 0 0 3
0 5 2 2 1 0 0 1

fn=(732) 0x00000000048ea9e0
0 2 1 0 1 1 0 1
cob=(7)
cfi=(185)
cfn=(736) std::codecvt<char, char, __mbstate_t>::codecvt(unsigned long)
calls=1 0 
0 44 13 10 2 1 1 2 0 1
cob=(1)
cfi=(186)
cfn=(642)
calls=1 71 
0 782 258 127 0 6 0 0 1
0 5 2 2 1 0 0 1

fn=(738) 0x00000000048ec700
0 2 1 0 1 1 0 1
cob=(7)
cfi=(185)
cfn=(742) std::__cxx11::numpunct<char>::_M_initialize_numpunct(__locale_struct*)
calls=1 0 
0 417 138 76 5 5 0 5 3
cob=(1)
cfi=(186)
cfn=(642)
calls=1 71 
0 1002 294 127 0 9 0 0 2
0 5 2 2 1 0 0 1

fn=(820)
0 140 70 0 2 2 0 1
cob=(2)
cfi=(198)
cfn=(822)
calls=70 52 
0 980 140 0 1 6 0 1 6

fn=(872) 0x00000000048ea750
0 2 1 0 1 0 0 1
cob=(7)
cfi=(185)
cfn=(876) std::numpunct<char>::_M_initialize_numpunct(__locale_struct*)
calls=1 0 
0 417 138 76 5 0 0 5
cob=(1)
cfi=(186)
cfn=(642)
calls=1 71 
0 930 283 127 0 9 1 0 1
0 5 2 2 1 0 0 1

fn=(926) 0x00000000048ed510
0 2 1 0 1 1 0 1
cob=(7)
cfi=(185)
cfn=(930) std::messages<char>::messages(unsigned long)
calls=1 0 
0 51 15 12 2 0 1 2 0 1
cob=(1)
cfi=(186)
cfn=(642)
calls=1 71 
0 713 247 127 0 7 0 0 1
0 5 2 2 1 0 0 1

fn=(956) 0x00000000048eb6f0
0 2 1 0 1 1 0 1
cob=(7)
cfi=(185)
cfn=(960) std::moneypunct<wchar_t, false>::_M_initialize_moneypunct(__locale_struct*, char const*)
calls=1 0 
0 109 30 31 5 0 0 5
cob=(1)
cfi=(186)
cfn=(642)
calls=1 71 
0 1034 299 127 0 9 0 0 2
0 5 2 2 1 0 0 1

fn=(1108) 0x00000000048ea560
0 2 1 0 1 0 0 1
cob=(7)
cfi=(185)
cfn=(1112) std::future_category()
calls=1 0 
0 3 1 0 1 0 0 1
cob=(1)
cfi=(186)
cfn=(642)
calls=1 71 
0 740 247 127 0 6
0 5 2 2 1

fn=(1366) 0x000000000010a390
0 16 8 0 1 1 0 1
cob=(7)
cfi=(185)
cfn=(1368) operator new(unsigned long)
calls=8 0 
0 1489 308 157 5 2 7 5 0 6

fn=(1476) 0x000000000010a3b0
0 32 16
cob=(7)
cfi=(185)
cfn=(1478) std::basic_ostream<char, std::char_traits<char> >& std::__ostream_insert<char, std::char_traits<char> >(std::basic_ostream<char, std::char_traits<char> >&, char const*, long)
calls=16 0 
0 3897 1166 680 11 3 0 11 2

fn=(1512) 0x00000000048ed4b0
0 28 14 0 1 1 0 1
cob=(2)
cfi=(232)
cfn=(1516)
calls=14 32 
0 924 322 168 9 4 0 9 1
cob=(1)
cfi=(186)
cfn=(642)
calls=1 71 
0 730 274 132 0 11 0 0 7
0 5 2 2 1 0 0 1

fn=(1556) 0x00000000048ebb20
0 2 1 0 1 1 0 1
cob=(7)
cfi=(185)
cfn=(1478)
calls=1 0 
0 393 110 65 1 0 0 1
cob=(1)
cfi=(186)
cfn=(642)
calls=1 71 
0 1049 303 127 0 8
0 5 2 2 1

fn=(1584) 0x000000000010a250
0 2 1
cob=(2)
cfi=(240)
cfn=(1586)
calls=1 30 
0 132 30 13 9 6 1 9 1 1

fn=(1672) 0x00000000048eb140
0 4 2 0 1 1 0 1
cob=(1)
cfi=(243) ./elf/../sysdeps/x86_64/tls_get_addr.S
cfn=(1676) __tls_get_addr
calls=2 29 
0 24 14 0 2 3 0 2
cob=(1)
cfi=(186)
cfn=(642)
calls=1 71 
0 911 317 136 4 23 0 0 2
0 5 2 2 1 0 0 1

fn=(684) 0x00000000048ec3c0
0 28 14 0 1 1 0 1
cob=(7)
cfi=(185)
cfn=(688) std::locale::facet::_S_get_c_locale()
calls=14 0 
0 3212 1026 486 25 47 2 25 16
cob=(1)
cfi=(186)
cfn=(642)
calls=1 71 
0 826 264 127 0 7 1 0 2
0 5 2 2 1 0 0 1

fn=(690) 0x00000000048ea790
0 28 14 0 1 1 0 1
cob=(2)
cfi=(188)
cfn=(694)
calls=14 136 
0 1968 631 297 22 26 2 22 9
cob=(1)
cfi=(186)
cfn=(642)
calls=1 71 
0 1001 323 145 0 20 0 0 7
0 5 2 2 1 0 0 1

fn=(704) 0x00000000048ea500
0 2 1 0 1 1 0 1
cob=(7)
cfi=(185)
cfn=(708) std::locale::facet::_S_create_c_locale(__locale_struct*&, char const*, __locale_struct*)
calls=1 0 
0 832 297 147 9 14 0 9 5
cob=(1)
cfi=(186)
cfn=(642)
calls=1 71 
0 970 289 127 0 8 2 0 2
0 5 2 2 1 0 0 1

fn=(608) 0x0000000004d16000
0 7 2 0 1 1 0 1

fn=(744) 0x00000000048eae30
0 2 1 0 1 1 0 1
cob=(7)
cfi=(185)
cfn=(748) std::__cxx11::moneypunct<char, false>::_M_initialize_moneypunct(__locale_struct*, char const*)
calls=1 0 
0 114 38 31 6 2 0 6 1
cob=(1)
cfi=(186)
cfn=(642)
calls=1 71 
0 1066 305 127 0 10 0 0 2
0 5 2 2 1 0 0 1

fn=(780) 0x00000000048eaa90
0 2 1 0 1 1 0 1
cob=(7)
cfi=(185)
cfn=(784) std::ctype<wchar_t>::_M_initialize_ctype()
calls=1 0 
0 25328 7221 3726 43 79 20 41 22 20
cob=(1)
cfi=(186)
cfn=(642)
calls=1 71 
0 794 260 127 0 6 0 0 2
0 5 2 2 1 0 0 1

fn=(1026) 0x00000000048ea300
0 16 8 0 1 1 0 1
cob=(7)
cfi=(185)
cfn=(1030) std::ios_base::ios_base()
calls=8 0 
0 736 104 248 3 0 31 3 0 18
cob=(1)
cfi=(186)
cfn=(642)
calls=1 71 
0 678 241 127 0 7 0 0 1
0 5 2 2 1 0 0 1

fn=(1092) 0x00000000048eb0c0
0 4 2
cob=(7)
cfi=(185)
cfn=(1096) std::error_category::error_category()
calls=2 0 
0 10 4 2 1 0 0 1
cob=(1)
cfi=(186)
cfn=(642)
calls=1 71 
0 744 248 127 1 10 0 0 2
0 5 2 2

fn=(1398) 0x000000000010a440
0 22 11 0 1 0 0 1
cob=(7)
cfi=(185)
cfn=(1400) std::ostream::operator<<(int)
calls=11 0 
0 10682 3022 1602 98 93 14 90 11 3

fn=(1480)
0 54 27 0 1 1 0 1
cob=(2)
cfi=(229)
cfn=(1482)
calls=27 242 
0 477 63 36 3 0 0 3

fn=(1540) 0x00000000048ea0f0
0 2 1 0 1 1 0 1
cob=(7)
cfi=(185)
cfn=(1488) std::ostream::put(char)
calls=1 0 
0 269 82 43
cob=(1)
cfi=(186)
cfn=(642)
calls=1 71 
0 645 236 127 0 7
0 5 2 2 1 0 0 1

fn=(1548) 0x000000000010a380
0 2 1
cob=(7)
cfi=(185)
cfn=(1550) std::basic_ostream<char, std::char_traits<char> >& std::operator<< <std::char_traits<char> >(std::basic_ostream<char, std::char_traits<char> >&, char const*)
calls=1 0 
0 2300 706 335 15 22 0 8 1

fn=(1620) 0x000000000483d294
0 4 1 0 1 0 0 1

fn=(1738)
0 2 1 0 1 0 0 1
cob=(2)
cfi=(240)
cfn=(1586)
calls=1 30 
0 132 30 13

fn=(1310)
0 7 2 0 1 1 0 1

fn=(618) 0x0000000004aca000
0 7 2 0 1 1 0 1

fn=(774) 0x00000000048e9b70
0 2 1 0 1 1 0 1
cob=(7)
cfi=(185)
cfn=(778) std::ctype<wchar_t>::ctype(unsigned long)
calls=1 0 
0 26175 7496 3866 47 86 21 45 24 21
cob=(1)
cfi=(186)
cfn=(642)
calls=1 71 
0 686 242 127 0 7 0 0 2
0 5 2 2 1 0 0 1

fn=(834) 0x00000000048e9c60
0 2 1 0 1 1 0 1
cob=(7)
cfi=(185)
cfn=(838) std::__cxx11::numpunct<wchar_t>::_M_initialize_numpunct(__locale_struct*)
calls=1 0 
0 353 75 75 5 1 3 5 1 3
cob=(1)
cfi=(186)
cfn=(642)
calls=1 71 
0 978 291 127 0 8 0 0 2
0 5 2 2 1 0 0 1

fn=(992) 0x00000000048ebc70
0 2 1 0 1 1 0 1
cob=(7)
cfi=(185)
cfn=(996) std::messages<wchar_t>::messages(unsigned long)
calls=1 0 
0 51 15 12 2 0 0 2
cob=(1)
cfi=(186)
cfn=(642)
calls=1 71 
0 713 247 127 0 6 0 0 1
0 5 2 2 1 0 0 1

fn=(1062) 0x00000000048ebb50
0 8 4 0 1 1 0 1
cob=(7)
cfi=(185)
cfn=(1066) std::basic_ios<wchar_t, std::char_traits<wchar_t> >::init(std::basic_streambuf<wchar_t, std::char_traits<wchar_t> >*)
calls=4 0 
0 1722 558 297 6 8 0 6 2
cob=(1)
cfi=(186)
cfn=(642)
calls=1 71 
0 985 293 127 0 8 0 0 4
0 5 2 2 1 0 0 1

fn=(1428) 0x00000000048ebc20
0 22 11 0 1 1 0 1
cob=(7)
cfi=(185)
cfn=(1432) std::ostreambuf_iterator<char, std::char_traits<char> > std::num_put<char, std::ostreambuf_iterator<char, std::char_traits<char> > >::_M_insert_int<long>(std::ostreambuf_iterator<char, std::char_traits<char> >, std::ios_base&, char, long) const
calls=11 0 
0 4566 1162 740 55 27 2 52 2 2
cob=(1)
cfi=(186)
cfn=(642)
calls=1 71 
0 1185 326 127 0 9 0 0 1
0 5 2 2 1 0 0 1

fn=(1448) 0x00000000048ecd00
0 56 28 0 1 1 0 1
cob=(2)
cfi=(223)
cfn=(1452)
calls=28 31 
0 4855 1183 742 44 11 2 44 3 2
cob=(1)
cfi=(186)
cfn=(642)
calls=1 71 
0 750 273 132 2 11 0 0 1
0 5 2 2 1 0 0 1

fn=(1684) 0x00000000048eb340
0 6 3 0 1 0 0 1
cob=(7)
cfi=(185)
cfn=(1688) std::basic_ostream<wchar_t, std::char_traits<wchar_t> >::sentry::sentry(std::basic_ostream<wchar_t, std::char_traits<wchar_t> >&)
calls=3 0 
0 213 82 43 2 1 0 2
cob=(1)
cfi=(186)
cfn=(642)
calls=1 71 
0 917 281 127 0 6 0 0 2
0 5 2 2

fn=(1685) 0x00000000048eb340'2
0 2 1
cob=(7)
cfi=(185)
cfn=(1689) std::basic_ostream<wchar_t, std::char_traits<wchar_t> >::sentry::sentry(std::basic_ostream<wchar_t, std::char_traits<wchar_t> >&)'2
calls=1 0 
0 22 8 6

fn=(858) 0x00000000048eb300
0 2 1 0 1 1 0 1
cob=(7)
cfi=(185)
cfn=(862) std::__timepunct<wchar_t>::_M_initialize_timepunct(__locale_struct*)
calls=1 0 
0 154 34 32 13 2 0 13
cob=(1)
cfi=(186)
cfn=(642)
calls=1 71 
0 986 291 127 0 8 0 0 3
0 5 2 2 1 0 0 1

fn=(902) 0x00000000048ed050
0 2 1 0 1 1 0 1
cob=(7)
cfi=(185)
cfn=(906) std::moneypunct<char, true>::_M_initialize_moneypunct(__locale_struct*, char const*)
calls=1 0 
0 115 38 31 6 0 1 6
cob=(1)
cfi=(186)
cfn=(642)
calls=1 71 
0 1018 297 127 0 9 0 0 1
0 5 2 2 1 0 0 1

fn=(968) 0x00000000048ec280
0 2 1 0 1 1 0 1
cob=(7)
cfi=(185)
cfn=(972) std::moneypunct<wchar_t, true>::_M_initialize_moneypunct(__locale_struct*, char const*)
calls=1 0 
0 109 30 31 6 0 0 6
cob=(1)
cfi=(186)
cfn=(642)
calls=1 71 
0 1010 296 127 0 8
0 5 2 2 1 0 0 1

fn=(1118) 0x00000000048eacb0
0 2 1 0 1 1 0 1
cob=(2)
cfi=(201)
cfn=(1122)
calls=1 28 
0 447 126 10 13 36 0 12 13
cob=(1)
cfi=(186)
cfn=(642)
calls=1 71 
0 913 300 139 4 20 0 0 4
0 5 2 2 1 0 0 1

fn=(1334) 0x000000000010a290
0 8 4 0 1 1 0 1
cob=(2)
cfi=(217)
cfn=(1336)
calls=4 736 
0 1133 337 138 24 11 6 24 4 1

fn=(1342)
0 6 3 0 1 1 0 1
cob=(2)
cfi=(218)
cfn=(1344)
calls=3 53 
0 63 9 0 2 1 0 2 1

fn=(1506) 0x000000000010a320
0 6 3 0 1 0 0 1
cob=(7)
cfi=(185)
cfn=(1508)
calls=3 0 
0 1143 438 206 15 13 0 15 7

fn=(1536) 0x000000000010a2d0
0 2 1
cob=(7)
cfi=(185)
cfn=(1538) std::basic_ostream<char, std::char_traits<char> >& std::endl<char, std::char_traits<char> >(std::basic_ostream<char, std::char_traits<char> >&)
calls=1 0 
0 1766 627 329 6 15 0 6

fn=(650) 0x00000000048ea8d0
0 44 22 0 2 2 0 1
cob=(7)
cfi=(185)
cfn=(654) std::locale::locale()
calls=22 0 
0 73980 22035 10070 336 455 109 333 95 96
cob=(1)
cfi=(186)
cfn=(642)
calls=1 71 
0 674 240 127 0 6 2 0 2 1
0 5 2 2 1 0 0 1

fn=(710) 0x00000000048eb490
0 2 1 0 1 1 0 1
cob=(2)
cfi=(190)
cfn=(714)
calls=1 43 
0 40 12 9 6 0 0 6
cob=(1)
cfi=(186)
cfn=(642)
calls=1 71 
0 771 279 132 0 13 0 0 5
0 5 2 2 1 0 0 1

fn=(726) 0x00000000048ea800
0 194 97 0 2 1 0 1
cob=(7)
cfi=(185)
cfn=(730) std::locale::id::_M_id() const
calls=97 0 
0 1014 338 96 2 8 0 2 7
cob=(1)
cfi=(186)
cfn=(642)
calls=1 71 
0 714 247 127 0 5 0 0 1
0 5 2 2 1 0 0 1

fn=(750) 0x00000000048ec530
0 2 1 0 1 1 0 1
cob=(7)
cfi=(185)
cfn=(754) std::__cxx11::moneypunct<char, true>::_M_initialize_moneypunct(__locale_struct*, char const*)
calls=1 0 
0 115 38 31 5 0 0 5
cob=(1)
cfi=(186)
cfn=(642)
calls=1 71 
0 1066 305 127 0 6
0 5 2 2 1 0 0 1

fn=(824)
0 98 49 0 1 1 0 1
cob=(2)
cfi=(199)
cfn=(826)
calls=49 73 
0 1048 225 0 3 0 0 3

fn=(840) 0x00000000048ebd70
0 2 1 0 1 1 0 1
cob=(7)
cfi=(185)
cfn=(844) std::__cxx11::moneypunct<wchar_t, false>::_M_initialize_moneypunct(__locale_struct*, char const*)
calls=1 0 
0 109 30 31 5 0 0 5
cob=(1)
cfi=(186)
cfn=(642)
calls=1 71 
0 1082 307 127 0 9 0 0 2
0 5 2 2 1 0 0 1

fn=(1038) 0x00000000048ec780
0 16 8 0 1 1 0 1
cob=(7)
cfi=(185)
cfn=(1042) std::ios_base::_M_init()
calls=8 0 
0 2202 771 434 10 18 0 10 3
cob=(1)
cfi=(186)
cfn=(642)
calls=1 71 
0 722 248 127 0 7 0 0 2
0 5 2 2 1 0 0 1

fn=(1050) 0x00000000048ebea0
0 16 8 0 1 0 0 1
cob=(7)
cfi=(185)
cfn=(1054) std::locale::~locale()
calls=8 0 
0 96 40 16 2 0 0 2
cob=(1)
cfi=(186)
cfn=(642)
calls=1 71 
0 706 244 127 0 9 0 0 1
0 5 2 2

fn=(1386) 0x00000000048eac60
0 16 8 0 1 0 0 1
cob=(2)
cfi=(204)
cfn=(1390)
calls=8 3359 
0 680 200 112 10 2 0 9 1
cob=(1)
cfi=(186)
cfn=(642)
calls=1 71 
0 818 288 139 2 19 20 0 0 1
0 5 2 2 1 0 0 1

fn=(1414) 0x00000000048eafc0
0 2 1 0 1 1 0 1
cob=(7)
cfi=(185)
cfn=(1418) std::ctype<char>::_M_widen_init() const
calls=1 0 
0 1566 358 177 21 18 10 17 5 1
cob=(1)
cfi=(186)
cfn=(642)
calls=1 71 
0 800 257 127 1 8
0 5 2 2 1 0 0 1

fn=(1466)
0 2 1 0 1 0 0 1
cob=(2)
cfi=(204)
cfn=(1140)
calls=1 3294 
0 177 36 18 0 1 1 0 0 1

fn=(1486) 0x000000000010a260
0 6 3
cob=(7)
cfi=(185)
cfn=(1488)
calls=3 0 
0 1554 523 263 21 14 0 21 7

fn=(1610)
0 2 1 0 1
cob=(2)
cfi=(240)
cfn=(1586)
calls=1 30 
0 132 30 13

ob=(1)
fl=(2) ./elf/./elf/rtld.c
fn=(238) version_check_doit
674 2 0 1 1 0 0 1
+2 1
-2 4 0 1 1 0 0 1
+2 3 2 1
cfi=(73) ./elf/./elf/dl-version.c
cfn=(240) _dl_check_all_versions
calls=1 392 
* 24704 7417 1573 56 130 77 56 120 74
* 2
+4 3 3

fn=(246) init_tls
734 1 0 1 1 0 0 1
+6 1 1 0 0 1
-6 3 0 2
+2 2 1 1 0 1
+4 2
+11 1
fi=(28) ./elf/../include/rtld-malloc.h
44 1
fe=(2)
746 1
+4 1
fi=(28)
44 1 1 1
cfi=(27) ./elf/./elf/dl-minimal-malloc.c
cfn=(74) __minimal_calloc
calls=1 +36 
* 41 8 7
fe=(2)
761 1 1 0 1 1 0 1 1
-12 1 0 1
+6 1
-9 1 0 1 0 0 1 0 0 1
+11 1 0 1
+4 1
+2 3 1
-1 2
+3 14 7 0 1 5 0 1
+4 3
+2 3
-2 6 0 3
-5 3 3
-1 6
+10 3 1
+3 2 0 1
cfi=(46) ./elf/../elf/dl-tls.c
cfn=(248) _dl_tls_static_surplus_init
calls=1 97 
* 86 15 10 2 4 1 2 2
+3 1 0 1
cfi=(46)
cfn=(250) _dl_determine_tlsoffset
calls=1 216 
* 147 30 14 6 2 0 6 1
+7 1 0 1
cfi=(46)
cfn=(252) _dl_allocate_tls_storage
calls=1 417 
* 470 34 326 5 0 39 4 0 39
* 1 0 0 1 0 0 1
+1 2
+6 1 1
fi=(74) ./elf/../sysdeps/generic/dl-call_tls_init_tp.h
31 2
fe=(2)
793 1 0 1
fi=(74)
31 6 0 2
+2 1 0 1
cfi=(24) ./elf/../sysdeps/nptl/dl-tls_init_tp.c
cfn=(256) __tls_init_tp
calls=1 +35 
* 79 14 17 4 4 0 4 1
fe=(2)
800 1
-3 1 0 1
+3 4 4
-36 4 4 0 1 0 0 1
-1 9

fn=(66) dl_main
1346 2 0 1 1 0 0 1
197 1
1346 11 0 8 1 0 0 1
199 1 0 1
302 1 0 1
+1 1 0 1
197 1 0 1
+99 3 0 3 1 0 0 1
1357 1 0 1 0 0 1 0 0 1
cfi=(24)
cfn=(68) __tls_pre_init_tp
calls=1 53 
* 17 1 5 3 0 1 3 0 1
2749 1 1
2538 1 1
2749 2
2598 1 0 1
+2 2
+15 1
-13 2 0 1 1 0 0 1
cfi=(25) ./elf/./elf/dl-environ.c
cfn=(70) _dl_next_ld_env_entry
calls=1 28 
* 41 15 1 1 0 0 1
* 4 0 2
cfi=(25)
cfn=(70)
calls=2 28 
* 269 93 1
* 9
+4 6 2
-2 2
+2 6
+1 2
-1 6 2
+1 17
-1 89 17
+9 12 2 0 1 2 0 1 2
2727 3 1
1373 1 1
+1 2 1 0 1 0 0 1
-1 2 1 1
+1 2 1
2687 3 1 0 1 0 0 1
-47 2 1 0 1 0 0 1
+10 2 1
1637 9 0 2 1 0 0 1
cfi=(26) ./elf/./elf/dl-object.c
cfn=(72) _dl_new_object
calls=1 59 
* 210 31 55 22 4 12 22 4 12
* 1 0 1
+2 2
+1 3 0 1 1 0 0 1
+6 1
-5 2 1 1
+1 3 2 1
+4 1 0 1
cfi=(26)
cfn=(84) _dl_add_to_namespace_list
calls=1 31 
* 42 10 9 3 0 0 3
+1 2 1
1116 1 1 0 1 0 0 1
-1 1 1
1351 1
1143 1
-21 2 2 0 0 1 0 0 1
+21 2
-19 1 0 1
+1 1 0 1
-3 1 0 1 0 0 1 0 0 1
+21 2 0 0 1 0 0 1
+57 1 1
-82 1 0 1
+25 1
-3 1
+4 1
+19 1
+37 4
-56 102 22 0 1 6 0 1 6
+56 4 4 0 0 1 0 0 1
-1 4 4
+1 8
-1 4
+2 8 4
+1 1 0 1
+2 12 4
+1 14
+4 8 4 0 0 3 0 0 3
+1 8 4
+1 4 0 4
+4 12
-72 27 0 0 2 0 0 2
1253 2 1
+1 22
+6 4 0 1
cfi=(30) ./elf/./elf/dl-load.c
cfn=(88) _dl_process_pt_gnu_property
calls=1 868 
* 90 17 4 6 1 0 6 1
-7 26
+1 13 13
+6 13
-6 26
fi=(31) ./elf/../sysdeps/x86/dl-prop.h
235 4 4 0 1 0 0 1
+1 2 2
-87 4 2
fe=(2)
1148 1 0 0 1 0 0 1
-5 1
+5 2 1 1
-5 2
+30 1 1
-9 2 2 0 0 1 0 0 1
+2 1 0 1
-3 1 0 1
+10 2 0 0 1 0 0 1
+18 2 0 1
-38 2 2
-10 1
+10 1 0 1
+1 9 2 1 1 0 0 1
-11 2
+1 14
1247 1 1 0 0 1 0 0 1
1143 1 0 0 1 0 0 1
1247 2 1 1
1143 3
1266 4 2 0 0 1 0 0 1
+3 3 2 0 1 0 0 1
+2 3 1
1672 3 1 0 1 0 0 1
+2 2 1
-1 1 1
+1 1 1
+1 3 3
-2 2 0 1
cfi=(32) ./string/../sysdeps/x86_64/multiarch/../multiarch/strcmp-sse2.S
cfn=(94) strcmp
calls=1 98 
* 25 7 0 3 1 0 3 1
* 2
+7 1 0 1 1 0 1 1 0 1
+3 1 1
-5 1 0 1
+3 1 0 1
+2 1
+1 2 0 1
+4 2 1
+2 2 0 0 1 0 0 1
fi=(3) ./elf/./get-dynamic-info.h
39 4 2
+4 1
+2 1 1 0 0 1 0 0 1
+9 1
+1 1
-10 2
+23 28 0 28 0 0 8 0 0 8
-23 112 28 0 0 7 0 0 7
+4 56 0 0 1 0 0 1
+3 6
-1 12
+3 24
+1 20
fe=(2)
1243 1 1 0 1 0 0 1
1143 1
1243 1 0 1 0 0 1 0 0 1
1143 2
fi=(3)
72 4 2
+43 2 1 0 1 0 0 1
+7 3 2
+1 4 3 0 1 0 0 1
+6 3 1
+18 4 2
+5 2 1 1 1 0 1 1 0 1
+2 2
+2 2
+2 2
+1 2 1 1
+3 4 2 0 1 0 0 1
+2 3 1 1
+1 2
+9 2 1
+6 2
+1 3 2 1 1 0 0 1
+3 3 2
fe=(2)
1698 4 2
+7 2 1 1 1 0 0 1
cfi=(8) ./elf/./elf/dl-setup_hash.c
cfn=(14) _dl_setup_hash
calls=1 25 
* 27 8 6 0 1 0 0 1
+3 2 1 0 1 0 0 1
fi=(33) ./elf/./setup-vdso.h
24 2 1
fi=(36) ./elf/./dl-main.h
+85 2 2 0 1 0 0 1
fi=(35) ./elf/../sysdeps/unix/sysv/linux/dl-vdso-setup.h
-64 1 0 1
fi=(36)
+64 3 2 1
cfi=(30)
cfn=(106) _dl_init_paths
calls=1 706 
* 2322 492 376 73 4 16 73 4 16
fe=(2)
1733 3 1 1 1 0 0 1
cfi=(45) ./elf/./elf/dl-debug.c
cfn=(144) _dl_debug_initialize
calls=1 56 
* 34 7 5 4 2 0 4 2
+7 1 1
-5 1 0 1
-2 1
+7 1
+4 1 1
+1 1 1
+2 1 0 1
-3 3 0 1
+1 2 1 1 1 0 0 1
+3 1 0 1
+11 1 1 0 0 1 0 0 1
-13 1 0 1
+13 1
+1 2 1
+5 1 1
-3 2 1 0 1 0 0 1
+2 1 0 1
+1 2 0 1
+5 3
+1 5 1 0 0 1 0 0 1
-1 2 0 0 1 0 0 1
224 1 1
+1 1 1
-1 1 1
+1 3 2
+1 2 0 0 1 0 0 1
1788 2 1 0 1 0 0 1
+5 1 1
-1 1
1352 1 0 1
1793 1
+24 1 0 1 1 0 0 1
cfi=(46)
cfn=(146) _dl_count_modids
calls=1 192 
* 6 3 0 1 0 0 1
* 1 0 1
fi=(47) ./elf/../sysdeps/generic/dl-debug.h
29 4 2
+1 1 0 1
fe=(2)
1823 1 0 1
+1 1 0 1
cfi=(45)
cfn=(150) _dl_debug_state
calls=1 116 
* 2 1 0 1 0 0 1
+1 1
+4 3 1 1
cfi=(48)
cfn=(152) _dl_audit_activity_map
calls=1 29 
* 17 8 5 2 0 0 2
+5 3 2 0 1 0 0 1
+2 1
+2 2 1
+9 2 1
+16 4 0 1
cfi=(63) ./io/../sysdeps/unix/sysv/linux/access.c
cfn=(200) access
calls=1 25 
* 9 1 1
* 2 0 0 1 0 0 1
+76 4 2
+16 3 1
85 1
1965 1
85 2
1965 1
85 1
1965 5 2 0 1 0 0 1
85 1 0 1
1965 2 0 1
cfi=(64) ./elf/./elf/dl-deps.c
cfn=(202) _dl_map_object_deps
calls=1 143 
* 29014 5917 3227 154 187 211 153 174 211
92 1
+9 1 1
1971 1 1
92 2
+9 2 0 1
1971 2 0 0 1 0 0 1
+1 6 2 1
-1 4
+1 12 6 6
-1 24
+4 3 2 1
+1 2 0 0 1 0 0 1
+1 1 0 1
+2 26 1
+1 12 6
+46 1 1 0 0 1
-42 2 0 0 1 0 0 1
+8 3 1 1
+1 2
+2 1
+2 3
+2 1 1
-4 1 0 1
+5 1 1
-1 2 0 0 1 0 0 1
+14 2
+1 2 1 1
+1 3 1
-25 1 0 1 1 0 0 1
+36 2
+2 1
-2 1
+2 2
-2 1 0 1
+1 2
+1 1
-1 2 0 1
+1 1 0 1 1 0 0 1
cfi=(50) ./elf/./elf/dl-catch.c
cfn=(236) _dl_receive_error
calls=1 186 
* 24741 7430 1584 60 130 77 60 120 74
+10 1 1
+1 1 1
-1 1 0 1
+1 1
+3 2
837 1 1
fi=(252) ./elf/../sysdeps/unix/sysv/linux/dl-osinfo.h
39 2 1 0 0 1
fe=(2)
839 1 0 1
fi=(252)
52 1 1
fe=(2)
848 1 0 1 1 0 0 1
+7 1 0 1
-5 1 0 1
2047 3 1
2246 2 1
+4 1 1 0 0 1
-4 1 0 1
+10 1 1 0 1 0 0 1
-6 1 0 1
+6 1 0 1
-6 1 0 1 0 0 1
+9 2 1
+8 2 2
fi=(31)
36 2 2
+1 3 0 0 1 0 0 1
+3 3 3
+13 9 1 0 0 1
-13 6 6
+9 12 6
-9 1 1
+9 28 7 0 1 0 0 1
+4 24 6
-16 21
+34 1 1
fe=(2)
2279 1
fi=(31)
71 1 0 1
cfi=(76) ./elf/../sysdeps/x86_64/dl-cet.c
cfn=(260) _dl_cet_check
calls=1 361 
* 55 11 14 4 1 0 4
fe=(2)
2282 1 1
-3 2 1 0 1 0 0 1
+5 1 1
-2 2 0 1
+2 2
+1 6 1 1
cfi=(77) ./elf/./elf/dl-reloc.c
cfn=(262) _dl_relocate_object
calls=1 207 
* 76508 20138 8000 190 610 230 190 530 224
85 2
2292 1 1 0 0 1
85 2 0 0 1 0 0 1
2292 1 1
+1 20 2 1
+2 14 14 0 1 3 0 1
+5 14 14 0 0 8
+2 14
+6 7 0 7 0 0 1
+2 14
+1 48 12 6 0 7
cfi=(77)
cfn=(262)
calls=6 207 
* 1610382 426448 146110 97 10775 1659 91 5965 889
+4 20 10 0 1 6 0 1
+1 6
-23 3
+23 3 0 3
cfi=(46)
cfn=(438) _dl_add_to_slotinfo
calls=3 1017 
* 84 30 21 3 4 1 3
-23 7 1 0 0 1
92 3 0 0 1 0 0 1
+1 1
2325 1 1
93 1 0 1 0 0 1
2325 1
+4 4 2 0 0 1
+2 1 0 1 0 0 1
+7 4 1 1 1 0 0 1
cfi=(46)
cfn=(528) _dl_allocate_tls_init
calls=1 523 
* 306 71 42 7 12 4 6 0 4
+3 2 1 0 0 1
+4 3 2 0 1 1 0 1
+2 2 1
+33 3 1 1
cfi=(169) ./elf/./elf/dl-call-libc-early-init.c
cfn=(552) _dl_call_libc_early_init
calls=1 27 
* 603 131 56 18 33 5 18 12 5
+7 1 0 1
cfi=(9) ./elf/../sysdeps/unix/sysv/linux/dl-sysdep.c
cfn=(568) _dl_sysdep_start_cleanup
calls=1 147 
* 2 1 0 1 0 0 1
+3 3 0 1
cfi=(48)
cfn=(570) _dl_audit_activity_nsid
calls=1 41 
* 11 3 0 2 0 0 2
+4 2 0 1
cfi=(45)
cfn=(196) _dl_debug_update
calls=1 38 
* 7 2 0 0 1
+1 1 0 1 0 0 1
-1 1
+2 1 0 1
cfi=(45)
cfn=(150)
calls=1 116 
* 2 1
+1 1
+4 1 0 1
cfi=(67) ./elf/./elf/dl-cache.c
cfn=(572) _dl_unload_cache
calls=1 525 
* 19 5 4 2 1 0 2
+5 8 7 0 0 2
2304 1 0 1 1 0 1 1
+1 1 1
-3 2
226 2
-2 1 1
+1 1
1773 1 1 0 1 1 0 1 1
+6 1 1 0 0 1 0 0 1
-6 2 1 1 1 0 1 1 0 1
+6 1
fi=(3)
56 5 0 0 1 0 0 1
+3 4
fi=(34) ./elf/../sysdeps/unix/sysv/linux/dl-vdso.h
-19 2 1 0 1 0 0 1
+1 5 0 2
fi=(35)
-11 1 0 1
+3 1 0 1 1 0 0 1
+3 1 0 1
+3 1 0 1
fi=(34)
+16 2
fi=(3)
+17 3 2 0 1 0 0 1
+12 3 1
+1 5 2 1 1 0 0 1
+1 5 2 1
+1 5 2 1
+1 4 2
+1 5 2 1 1 0 0 1
+1 5 2 1
+1 5 2 1 1 0 0 1
+12 2 2
+7 1 1
-7 7 1 1
+7 2
fe=(2)
1743 4 2 1 1 0 0 1
2357 1 0 1 1 0 0 1
cfi=(163) ./elf/./elf/dl-find_object.c
cfn=(530) _dl_find_object_init
calls=1 561 
* 1041 250 78 16 79 5 16 9 4
+5 3 1 1
cfi=(7) ./elf/./elf/dl-minimal.c
cfn=(538) __rtld_malloc_init_real
calls=1 76 
* 3039 896 358 6 36 0 6 4
+3 1 0 1
cfi=(167) ./elf/../sysdeps/nptl/dl-mutex.c
cfn=(546) __rtld_mutex_init
calls=1 30 
* 503 115 36 10 9 0 10 7
85 1
2371 1 0 1
+1 3 2 0 1 0 0 1
85 3
2372 2 0 1
cfi=(77)
cfn=(262)
calls=1 207 
* 1871 587 207 1 31 3 1
92 3
+9 3 0 1
2687 2 1 0 1 0 0 1
+2 1
+1 1
-1 1 0 1
+1 1 0 1
+1 1
2040 2 0 1 1 0 0 1
cfn=(246)
calls=1 734 
* 923 126 393 22 18 41 21 5 40
* 2 0 1
2650 2 1 0 1 0 0 1
+2 2 0 1
+1 1
fi=(3)
62 4 0 0 1 0 0 1
+2 4
fe=(2)
1943 10 0 0 1 0 0 1
85 1 0 0 1 0 0 1
1842 2 2 0 1 0 0 1
85 3
1842 2 0 1
cfn=(154) handle_preload_list
calls=1 869 
* 3098 729 370 122 37 45 120 37 45
* 1
92 3
+9 3 0 1
1943 6 0 1 1 0 0 1
+1 1
-1 1
+4 3 0 1
+1 1 1 0 1 0 0 1
+1 2
+1 2
-7 2

fn=(154)
869 11 0 7 2 0 1 2 0 1
+5 1 1
-5 2 0 2 0 0 1 0 0 1
+5 2
-4 3
+7 3 0 1 1 0 1 1 0 1
cfi=(49) ./string/../string/strcspn.c
cfn=(156) strcspn
calls=1 32 
* 254 120 21 5 2 4 5 2 4
* 1
+1 3
+9 1
183 1 1
889 2 1
183 2
891 2 1 0 1 0 0 1
-80 1 1
+5 1
-6 1
-4 1 0 1
+10 2
-6 1 0 1
+4 1 1
+2 2 0 0 1 0 0 1
-5 1 0 1
+1 1 0 1
+4 1 0 1
cfi=(50)
cfn=(158) _dl_catch_error
calls=1 254 
* 2754 588 328 110 35 37 108 35 37
+1 3 1
+8 3 1
+67 1
-18 2 1
+21 9 7
-15 4 0 1 1 0 0 1
cfi=(29) ./string/../sysdeps/x86_64/multiarch/memmove-vec-unaligned-erms.S
cfn=(82) memcpy
calls=1 210 
* 19 5 4 1 0 1 1 0 1
+1 2 0 1

fn=(2) _dl_start
517 16 0 8 2 0 3 2 0 3
85 1
547 4 0 1 0 0 1 0 0 1
85 1
543 1 0 1 0 0 1 0 0 1
fi=(6) ./elf/../sysdeps/x86_64/dl-machine.h
55 1
fe=(2)
+30 1
546 1 0 0 1 0 0 1
85 1 0 1 0 0 1 0 0 1
fi=(3)
-40 1 1 0 0 1 0 0 1
fe=(2)
546 1 0 1 0 0 1 0 0 1
fi=(3)
45 2
+23 18 0 18 0 0 7 0 0 7
-23 72 18 0 0 4 0 0 4
+4 36
+3 5 0 0 1 0 0 1
-1 10
+3 20
+1 16
+1 5
fi=(4) ./elf/../sysdeps/generic/ldsodefs.h
+23 1 1 0 1 0 0 1
fi=(3)
+31 1 1 0 0 1 0 0 1
-38 3
+12 4 1 1
+1 3 1
+1 4 1 1 1 0 0 1
+1 4 1 1
+1 5 1 1
+1 3 1 0 1 0 0 1
+1 4 1 1
+1 4 1 1
+12 7 2
+7 2
-51 4 0 0 1 0 0 1
+64 3 2 0 2 0 0 2
+6 3 1
+1 3 2
+3 2 1
+1 3 1
+5 5 2 0 1 0 0 1
+3 5 2
fe=(2)
563 154 6 11 2 1 4 2 1 4
fi=(4)
79 1 1
fe=(2)
563 1 1
fi=(4)
79 2
fe=(2)
563 27 4 5 3 0 0 3
fi=(6)
287 3 0 1
fi=(5) ./elf/./elf/do-rel.h
49 1 1
fe=(2)
563 1 1
fi=(5)
50 1 1
-1 2
+4 1 1
-3 1
+3 4 1 0 1 0 0 1
+3 2
-7 1 1
fe=(2)
563 1 1
fi=(5)
50 1 1
-1 2
+4 1 1
-3 1
+3 4 1
+3 2
+7 3 3 0 1 1 0 1 1
+2 3 3
-2 6
fi=(6)
278 3
fi=(5)
64 6
fi=(6)
278 6
+9 24 9 0 0 3 0 0 3
+3 6 3
+1 6
+26 8
+6 2 0 2 0 0 1 0 0 1
fi=(5)
61 13 0 0 1 0 0 1
fe=(2)
563 6
fi=(5)
51 1 1
fi=(4)
+28 2 1
fi=(3)
-17 4 0 0 1 0 0 1
+2 4
fe=(2)
565 1 0 1
+13 1 0 1 1 0 0 1
cfi=(7)
cfn=(12) __rtld_malloc_init_stubs
calls=1 42 
* 10 1 4 2 0 1 2 0 1
458 2 0 1
85 1
476 2
85 3 0 1
476 1 0 1
cfi=(8)
cfn=(14)
calls=1 25 
* 27 8 6 3 1 1 3 1 1
+2 1 1
+16 2 1 0 1 0 0 1
-17 1 0 1
+11 1 0 1
-10 1 0 1 0 0 1 0 0 1
+16 1 0 1
cfi=(9)
cfn=(16) _dl_sysdep_start
calls=1 102 
* 1793704 470075 161768 1047 12139 2352 1035 7002 1561
* 1 0 0 1
+2 2 1
+89 9 7 0 1 2 0 1
fi=(3)
103 3 0 1 2 0 0 2
fe=(2)

fn=(164) map_doit
641 2 0 1 1 0 0 1
+2 1
-2 4 0 1
+2 1 1
+1 2 2
-1 2
+1 3 0 1
cfi=(30)
cfn=(166) _dl_map_object
calls=1 1967 
* 2643 559 293 101 34 35 99 34 35
* 1 0 1
+2 3 3

fl=(32)
fn=(244) strncmp
98 1
+27 1
+1 1
+1 1
+1 1
+1 1
+2 1
+1 1
+2 1 0 0 1 0 0 1
+1 1
+21 1
+1 1
+1 1
+1 1
+1 1 1
+1 1 1 0 0 1 0 0 1
+1 1 1
+1 1 1
+17 1
+1 1
+1 1
+1 1
+1 1
+1 1
+1 1 0 0 1 0 0 1
2104 1 0 0 1 0 0 1
+3 1
+1 1
+2 1 1
+1 1 1
+8 1
+1 1 1

fn=(94)
98 2343 0 0 1 0 0 1
+33 2343
+1 2343
+2 2343
+1 2343
+21 2343
+1 2343
+1 2151
+1 2151
+1 2065 2065 0 0 99 0 0 39
+1 2065 2065 0 1 19 0 1 10
+1 2065 2065
+1 2065 2065
+17 2065
+1 2065
+1 2065
+1 2065
+1 2065
+1 2065
+1 2065
+5 31
+1 93
+9 31
+1 31
+1 31
+1 31
+1 31
+1 31
+1 31
+1 31
-7 278 0 0 1 0 0 1
+1 278
+1 278
+1 278
+1 278
+1 278
+1 278
+1 278
+1 214
+1 98
+1 98
+1 98
+2 98
+1 98
+1 98
+1 98 98 0 0 4
+1 98
+1 98
-5 116
+1 116
+1 116
+1 116 116 0 0 5 0 0 2
+1 116
+1 116
+10 95 95 0 3 15 0 1 4
+1 95
+1 95
+2 95 95 0 0 1 0 0 1
+6 95
+1 95
+1 95
+1 95
+1 95
+5 95
+2 75
+1 75
+1 150
+8 75 75 0 2 14 0 1 2
+1 75 75 0 0 1
+3 75
+1 75
+1 75
+1 75
+1 75
+1 75
+6 1
+1 1 1
+1 1 1
+3 1
+1 1
+1 1
+1 1 0 0 1
+1 1
+1 1
+15 9 0 0 1 0 0 1
+1 9 9
+1 9 9 0 0 3 0 0 2
+1 9
+1 9
+2 9
+1 9
+1 9 0 0 1 0 0 1
+1 9
+1 9
+1 9
+1 9
+1 9 9
+3 9
+1 9
+1 9
+6 9
+1 9
+1 18
+4 9 0 0 1 0 0 1
+1 9
-1 2
+1 2
+3 11 11 0 0 4 0 0 3
+1 11 11
+1 11
+2 11
+1 11
+1 11
+4 11
+1 11
+1 11
+1 11
+1 11
+1 11 0 0 2 0 0 1
+6 2
+1 2
+2 2
+1 2
+2 2 2
+1 2 2
+1 2
+2 2
+1 2
+1 2
+4 2
+1 2
+1 2
+1 2
+1 2 0 0 1 0 0 1
+1 2
+6 2
+1 2
+1 2
661 2 0 0 1 0 0 1
+1 2 2 0 0 1
+1 2 2
+1 2
+1 2
+2 2
+1 2
+1 2 0 0 1 0 0 1
+1 2
+1 2
+1 2
+1 2
+1 1 1
+4 1
+1 1
+1 1
+6 1
+1 1
+1 2
+4 1 0 0 1 0 0 1
+1 1
+3 1 1
+1 1 1 0 0 1
+1 1
+2 1
+1 1
+1 1
+4 1
+1 1
+1 1
+1 1
+1 1
+1 1 0 0 1 0 0 1
+7 1
+1 1
+2 1
+1 1
+2 1 1
+1 1 1
+1 1
+2 1
+1 1
+1 1
+4 1
+1 1
+1 1
+1 1
+1 1 0 0 1 0 0 1
+1 1
+41 4 0 0 1 0 0 1
+1 4 4 0 0 1 0 0 1
+1 4 4
+1 4
+1 4
+2 4
+1 4
+1 4 0 0 1 0 0 1
+1 4
+1 4
+1 4
+1 4
+1 3 3
+4 3
+1 3
+1 3
+6 3
+1 3
+1 6
+4 3 0 0 1 0 0 1
+1 3
+3 3 3
+1 3 3 0 0 1 0 0 1
+1 3
+2 3
+1 3
+1 3
+4 3
+1 3
+1 3
+1 3
+1 3
+1 3 0 0 1 0 0 1
+7 1
+1 1
+2 1
+1 1
+2 1 1
+1 1 1
+1 1
+2 1
+1 1
+1 1
+4 1
+1 1
+1 1
+1 1
+1 1 0 0 1 0 0 1
+1 1
+41 5 0 0 1 0 0 1
+1 5 5 0 0 2 0 0 2
+1 5 5 0 0 2 0 0 2
+1 5
+1 5
+2 5
+1 5
+1 5 0 0 1 0 0 1
+1 5
+1 5
+1 5
+1 5
+1 3 3
+4 3
+1 3
+1 3
+6 3
+1 3
+1 6
+4 3 0 0 1 0 0 1
+1 3
+3 3 3 0 0 2 0 0 2
+1 3 3
+1 3
+2 3
+1 3
+1 3
+4 3
+1 3
+1 3
+1 3
+1 3
+1 3 0 0 1 0 0 1
+7 1
+1 1
+2 1
+1 1
+2 1 1
+1 1 1
+1 1
+2 1
+1 1
+1 1
+4 1
+1 1
+1 1
+1 1
+1 1 0 0 1 0 0 1
+1 1
+41 7 0 0 1 0 0 1
+1 7 7 0 0 1 0 0 1
+1 7 7 0 0 3 0 0 3
+1 7
+1 7
+2 7
+1 7
+1 7 0 0 1 0 0 1
+1 7
+1 7
+1 7
+1 7
+1 6 6
+4 6
+1 6
+1 6
+6 6
+1 6
+1 12
+4 6 0 0 1 0 0 1
+1 6
+3 6 6 0 0 3 0 0 3
+1 6 6
+1 6
+2 6
+1 6
+1 6
+4 6
+1 6
+1 6
+1 6
+1 6
+1 6 0 0 1 0 0 1
+69 21 0 0 1 0 0 1
+1 21 21
+1 21 21 0 0 2 0 0 2
+1 21
+1 21
+2 21
+1 21
+1 21 0 0 1 0 0 1
+1 21
+1 21
+1 21
+1 21
+1 5 5
+4 5
+1 5
+1 5
+6 5
+1 5
+1 10
+4 5 0 0 1 0 0 1
+1 5
+3 5 5 0 0 2 0 0 2
+1 5 5
+1 5
+2 5
+1 5
+1 5
+4 5
+1 5
+1 5
+1 5
+1 5
+1 5 0 0 1 0 0 1
+7 1
+1 1
+2 1
+1 1
+2 1 1
+1 1 1
+1 1
+2 1
+1 1
+1 1
+4 1
+1 1
+1 1
+1 1
+1 1 0 0 1 0 0 1
+1 1
+41 18 0 0 2 0 0 1
+1 18 18 0 0 2 0 0 2
+1 18 18 0 0 1
+1 18
+1 18
+2 18
+1 18
+1 18 0 0 2 0 0 1
+1 18
+1 18
+1 18
+1 18
+1 6 6
+4 6
+1 6
+1 6
+6 6
+1 6
+1 12
+4 6 0 0 2 0 0 1
+1 6
-1 1
+1 1
+3 7 7
+1 7 7 0 0 2 0 0 2
+1 7
+2 7
+1 7
+1 7
+4 7
+1 7
+1 7
+1 7
+1 7
+1 7 0 0 3 0 0 1
+7 2
+1 2
+2 2
+1 2
+2 2 2
+1 2 2
+1 2
+2 2
+1 2
+1 2
+4 2
+1 2
+1 2
+1 2
+1 2 0 0 1 0 0 1
+1 2
+7 1
+1 1
+1 1
+32 10 0 0 3 0 0 1
+1 10 10 0 0 5 0 0 3
+1 10 10 0 0 1
+1 10
+1 10
+2 10
+1 10
+1 10 0 0 1 0 0 1
+1 10
+1 10
+1 10
+1 10
+1 10 10
+4 10
+1 10
+1 10
+6 10
+1 10
+1 20
+4 10 0 0 2 0 0 1
+1 10
-1 1
+1 1
+3 11 11 0 0 1
+1 11 11 0 0 6 0 0 3
+1 11
+2 11
+1 11
+1 11
+4 11
+1 11
+1 11
+1 11
+1 11
+1 11 0 0 1 0 0 1
+7 4
+1 4
+2 4
+1 4
+2 4 4
+1 4 4 0 0 1 0 0 1
+1 4
+2 4
+1 4
+1 4
+4 4
+1 4
+1 4
+1 4
+1 4 0 0 1 0 0 1
+1 4
+7 1
+1 1
+1 1
+32 29 0 0 1 0 0 1
+1 29 29 0 0 3 0 0 2
+1 29 29 0 0 4 0 0 1
+1 29
+1 29
+2 29
+1 29
+1 29 0 0 1 0 0 1
+1 29
+1 29
+1 29
+1 29
+1 16 16
+4 16
+1 16
+1 16
+6 16
+1 16
+1 32
+4 16 0 0 1 0 0 1
+1 16
+3 16 16 0 0 5 0 0 2
+1 16 16 0 0 3 0 0 1
+1 16
+2 16
+1 16
+1 16
+4 16
+1 16
+1 16
+1 16
+1 16
+1 16 0 0 1 0 0 1
+69 35 0 0 2 0 0 1
+1 35 35 0 0 3 0 0 1
+1 35 35 0 0 4 0 0 3
+1 35
+1 35
+2 35
+1 35
+1 35 0 0 2 0 0 1
+1 35
+1 35
+1 35
+1 35
+1 14 14
+4 14
+1 14
+1 14
+6 14
+1 14
+1 28
+4 14 0 0 2 0 0 1
+1 14
-1 2
+1 2
+3 16 16 0 0 3 0 0 3
+1 16 16 0 0 2
+1 16
+2 16
+1 16
+1 16
+4 16
+1 16
+1 16
+1 16
+1 16
+1 16 0 0 2 0 0 1
+7 4
+1 4
+2 4
+1 4
+2 4 4 0 0 1 0 0 1
+1 4 4 0 0 1 0 0 1
+1 4
+2 4
+1 4
+1 4
+4 4
+1 4
+1 4
+1 4
+1 4 0 0 1 0 0 1
+1 4
+7 2
+1 2
+1 2
+32 28 0 0 3 0 0 1
+1 28 28 0 0 9 0 0 3
+1 28 28 0 0 2 0 0 2
+1 28
+1 28
+2 28
+1 28
+1 28 0 0 3 0 0 1
+1 28
+1 28
+1 28
+1 28
+1 16 16
+4 16
+1 16
+1 16
+6 16
+1 16
+1 32
+4 16 0 0 3 0 0 1
+1 16
-1 1
+1 1
+3 17 17
+1 17 17 0 0 8 0 0 4
+1 17
+2 17
+1 17
+1 17
+4 17
+1 17
+1 17
+1 17
+1 17
+1 17 0 0 3 0 0 1
+7 3
+1 3
+2 3
+1 3
+2 3 3
+1 3 3
+1 3
+2 3
+1 3
+1 3
+4 3
+1 3
+1 3
+1 3
+1 3 0 0 1 0 0 1
+1 3
+7 1
+1 1
+1 1
+32 24 0 0 3 0 0 1
+1 24 24 0 0 2
+1 24 24 0 0 2 0 0 1
+1 24
+1 24
+2 24
+1 24
+1 24 0 0 2 0 0 1
+1 24
+1 24
+1 24
+1 24
+1 11 11
+4 11
+1 11
+1 11
+6 11
+1 11
+1 22
+4 11 0 0 1 0 0 1
+1 11
+3 11 11 0 0 2 0 0 2
+1 11 11 0 0 2 0 0 1
+1 11
+2 11
+1 11
+1 11
+4 11
+1 11
+1 11
+1 11
+1 11
+1 11 0 0 2 0 0 1
+69 22 0 0 1 0 0 1
+1 22 22 0 0 2 0 0 1
+1 22 22 0 0 2 0 0 1
+1 22
+1 22
+2 22
+1 22
+1 22 0 0 1 0 0 1
+1 22
+1 22
+1 22
+1 22
+2 3 3
+4 3
+1 3
+1 3
+6 3
+1 3
+2 6
+4 3 0 0 1 0 0 1
+1 3
+3 3 3
+1 3 3 0 0 1 0 0 1
+1 3
+2 3
+1 3
+1 3
+4 3
+1 3
+1 3
+1 3
+1 3
+1 3 0 0 1 0 0 1
+7 1
+1 1
+2 1
+1 1
+2 1 1
+1 1 1
+1 1
+2 1
+1 1
+1 1
+4 1
+1 1
+1 1
+1 1
+1 1 0 0 1 0 0 1
+1 1
+43 178 0 0 1
+2 178
+1 178
+1 178
+1 178
-3 131 0 0 1 0 0 1
+1 131
+1 131
+1 131
+1 196
+5 98
+6 98 98
+1 98 98
+8 98
+1 98 98
-16 2245 0 0 1 0 0 1
+6 2245 2245
+1 2245 2245
+8 2245
+1 2245 2245

fl=(67)
fn=(214) _dl_load_cache_lookup
403 40 0 28 1 0 0 1
+2 8 4
+3 12 4 0 1 0 0 1
+69 9 3
+5 4 4
205 4 4
482 8
+3 12 4 4
fi=(69) ./elf/../sysdeps/x86/dl-procinfo.h
39 8 0 0 1 0 0 1
+3 12 0 4
cfi=(32)
cfn=(94)
calls=4 +56 
* 100 28 0 0 1 0 0 1
* 16 0 4 0 0 1 0 0 1
fe=(67)
208 24 0 8 1 0 0 1
cfi=(11)
cfn=(28)
calls=4 387 
* 92 16 4 0 1 0 0 1
* 4 4
+12 4
-10 4 4
-2 4 0 4 1 0 0 1
+12 8
-7 20 0 4
+9 20
+1 4
-32 8
+36 4 4 0 1 0 0 1
-4 4 4 0 0 1 0 0 1
+4 8
-5 140
+1 28
-32 56
+36 28 28
-4 28 28 0 0 24 0 0 23
+4 56
+4 96 32 32
cfn=(222) _dl_cache_libcmp
calls=32 357 
* 2614 390 0 4 28 0 4 28
+1 64
346 28
+3 13
220 26
347 15 0 0 1 0 0 1
220 38 4
+2 40 8 12 1 0 0 1
+20 10 5
+3 10
+2 20 0 5
cfn=(222)
calls=5 357 
* 536 79
* 10
+2 1
-9 10
-30 12 8
+1 4 0 0 1 0 0 1
fi=(253) ./elf/../sysdeps/x86/dl-isa-level.h
28 8 4 4
fe=(67)
210 8 0 4
fi=(253)
28 4 4
fe=(67)
210 4 0 4
+1 4
-1 12 0 4
+76 12 0 0 1 0 0 1
fi=(253)
28 12 0 4
fe=(67)
259 8 4
+10 12 8 0 1 0 0 1
+1 16 4
+16 4
fi=(68) ./elf/../sysdeps/generic/dl-cache.h
125 4 4 0 1 0 0 1
fe=(67)
286 12
+9 8 4
+3 8 4
+3 4
+1 12 4 0 1 0 0 1
+28 8 0 4
500 8 4
+12 8 4 4
cfi=(22) ./string/../sysdeps/x86_64/multiarch/../multiarch/strlen-sse2.S
cfn=(62) strlen
calls=4 57 
* 140 20 0 0 4 0 0 4
+1 4
-1 4
+1 48 0 4 1 0 0 1
+1 4
-1 4
+1 4 4 0 1 0 0 1
-1 4
+1 4 0 4
cfi=(29)
cfn=(82)
calls=4 210 
* 60 16 12
* 4
+1 4 0 4
cfi=(44) ./string/./string/strdup.c
cfn=(138) strdup
calls=4 40 
* 396 80 60 0 0 3 0 0 3
+1 32 28
411 4 0 1 1 0 0 1
cfi=(52) ./elf/./elf/dl-misc.c
cfn=(216) _dl_sysdep_read_whole_file
calls=1 36 
* 103 15 15 3 0 0 3
* 1
+8 5 1 0 1 0 0 1
+1 8 3 0 1 1 0 1 1
+3 3
+1 1 1
-1 3 0 0 1 0 0 1
fi=(68)
194 1 1
+1 5
fe=(67)
431 1 0 1 1 0 0 1
+1 2 0 1

fn=(572)
525 1 0 0 1 0 0 1
+1 4 1 0 0 1
-1 1 0 1
+3 1 1
-3 1
+3 1 0 1
cfi=(140) ./misc/../sysdeps/unix/syscall-template.S
cfn=(574) munmap
calls=1 117 
* 6 1
+7 1 1 0 1 0 0 1
-6 1 0 1
+4 1 0 1
+2 1 1

fn=(222)
357 37 0 0 1 0 0 1
+1 37 37
+32 37 37 0 0 26 0 0 26
-33 37
+1 84 0 0 1 0 0 1
+2 211
+2 211
-2 422
+20 412
+2 412
-12 174 174
+2 174 174 0 0 2 0 0 2
+14 174
+1 174
-29 348
+32 15 5
-28 10 0 0 1 0 0 1
+6 5
+2 5 5
-2 5
+1 5
-1 5
+1 5
-1 5
+2 15
+2 5 5
-3 5
+3 15
+2 10
+9 96 32 0 1 0 0 1

fl=(62) ./io/../sysdeps/unix/sysv/linux/close_nocancel.c
fn=(194) __GI___close_nocancel
25 6 0 0 1 0 0 1
+1 24
+1 6 6

fl=(48)
fn=(152)
29 2 0 1
+2 1 1
-2 5 0 4 1 0 0 1
+1 1 1
+1 2
+6 6 6 0 1 0 0 1

fn=(1322)
118 1 0 0 1 0 0 1
+1 4 2 0 0 1

fn=(1602) _dl_audit_objclose
97 7 0 0 1 0 0 1
+1 28 14

fn=(570)
41 3 0 0 2 0 0 1
+4 12 3 0 0 1
+1 3 3
+1 15 3 0 2 0 0 1

fn=(198) _dl_audit_objopen
77 5 0 0 1 0 0 1
+1 20 10

fl=(9)
fn=(568)
147 1 0 0 1 0 0 1
+1 1 1

fn=(16)
102 5 0 2 1 0 1 1 0 1
+4 1
-4 1
+1 1 0 1
+3 1 0 1
cfn=(18) _dl_sysdep_parse_arguments
calls=1 -28 
* 416 109 96 7 12 11 7 12 11
+4 2 1 1
cfi=(11)
cfn=(22) __GI___tunables_init
calls=1 261 
* 28707 5140 6 7 65 0 7 65
+3 1 0 1
cfi=(13) ./elf/./elf/dl-sort-maps.c
cfn=(26) _dl_sort_maps_init
calls=1 289 
* 38 7 4 4 1 0 4 1
+2 2 0 1
cfi=(14) ./elf/../sysdeps/unix/sysv/linux/brk.c
cfn=(30) brk
calls=1 -79 
* 8 1 1 1 0 1 1 0 1
fi=(6)
220 1 0 1
cfi=(15) ./elf/../sysdeps/x86/dl-get-cpu-features.c
cfn=(34) _dl_x86_init_cpu_features
calls=1 37 
* 7349 809 485 104 19 9 104 19 9
fe=(9)
-98 3 1 0 1 0 0 1
+1 1 0 1
cfi=(22)
cfn=(62)
calls=1 -66 
* 17 2 0 1 1 0 1 1
* 1 0 1
+2 2 0 1
cfi=(23) ./elf/../misc/sbrk.c
cfn=(64) sbrk
calls=1 -88 
* 16 5 3 2 0 0 2
* 3
+12 3 1
+3 5 3 1 1 0 0 1
cfi=(2)
cfn=(66)
calls=1 1346 
* 1757116 463992 161161 917 12040 2330 906 6904 1539
+3 4 4 0 1 1

fn=(18)
78 1 0 1 1 0 0 1
+2 1
-2 6 0 3 0 0 1 0 0 1
+1 1 1
+1 1 0 1
-1 1 0 1 0 0 1 0 0 1
+2 2
+2 1 1 0 1 1 0 1 1
-2 1 0 1 0 0 1 0 0 1
+2 2
-1 1
+1 2 1
-1 45
+1 90 45 0 0 6 0 0 6
+7 56 0 52 0 0 6 0 0 6
fi=(10) ./elf/../sysdeps/unix/sysv/linux/dl-parse_auxv.h
-49 1 1
fe=(9)
+45 1
fi=(10)
-54 1
fe=(9)
+54 1 0 1 1 0 1 1 0 1
fi=(10)
-54 1 0 1
+1 1 0 1
+1 1 0 1
+7 3
+1 40
+1 20 20
-2 20 0 0 1 0 0 1
+2 20 0 20
-2 61 21 0 0 5 0 0 5
fe=(9)
+52 3 3
+1 1 1
+1 2 2 0 1 0 0 1
fi=(10)
-49 1 1
+1 1 1
fe=(9)
+46 1
fi=(10)
-45 1 1
+3 1 1
+1 1 1
+1 1 1
+1 1 1
+2 1 1
-5 1 0 1 1 0 0 1
-4 1 0 1
+1 1 0 1
+4 1 0 1 0 0 1 0 0 1
+1 1 0 1
+3 1 0 1
-7 1 0 1
-4 1 0 1
+1 1 0 1
+8 1 0 1 1 0 0 1
fe=(9)
+40 1 0 1
-1 1 0 1
+2 1 0 1
+1 6 5

fl=(20) ./elf/../sysdeps/x86/dl-cacheinfo.h
fn=(52) intel_check_word.constprop.0
123 48 0 0 1 0 0 1
-4 72 0 24
+10 24 0 0 1 0 0 1
-10 96 0 48
+10 48
-10 24 0 24
+10 24
-10 24
+10 24
+2 48
+71 48 24
fi=(21) ./elf/../bits/stdlib-bsearch.h
32 24
fe=(20)
202 120 24 0 1 0 0 1
-71 96
+2 60
+2 120
+8 120 0 0 1 0 0 1
+51 96
+22 48
fi=(21)
28 48
-1 96
+2 216
+2 168
+1 84
fe=(20)
+78 168 84 0 1 2 0 1 2
+3 324
fi=(21)
-78 264
-6 528
+2 480
+1 240
fe=(20)
+78 480 240 0 0 4 0 0 4
+15 12
246 144 120
fi=(21)
37 120 0 0 1 0 0 1
fe=(20)
155 36
+3 36
-6 12
+3 39 0 0 1 0 0 1
+9 18
+23 21
-32 63
+3 63
+4 58
+2 116
+3 84
+1 48
+1 48
+1 30
+2 11 0 0 1 0 0 1
+2 22
+6 14 0 0 1 0 0 1
+3 8
+1 12
-20 15 0 0 1 0 0 1
+12 4
+2 4
+1 4
-2 4
-1 4
+2 8
-2 4 0 0 1 0 0 1
+3 4
-2 12
+2 12
+11 2
-9 12

fn=(50) handle_intel.constprop.0
255 24 12 0 1 0 0 1
-5 12 0 12
+17 12
-17 96 0 60
+11 12 0 12
+1 12 0 12
+5 36 0 12
+4 24
+34 96 84
-29 12 0 0 1 0 0 1
+3 24
-3 12
+3 36 0 12
cfn=(52)
calls=12 123 
* 4092 408 48 6 6 0 6 6
+2 24
+3 60 0 12 1 0 0 1
cfn=(52)
calls=12 123 
* 1272 84 48 5 0 0 5
+2 24

fn=(56) get_common_cache_info.constprop.0
571 11 0 6 1 0 0 1
+17 1 1
+1 1 1 0 1 0 0 1
+9 1 1
-12 1 1
+2 1 0 1
+2 1 1
+8 1 0 1
-11 1 1
+3 1 0 1
+11 2
-5 3 0 1
+17 1
+5 3 1 0 1 0 0 1
+4 2
770 5 1
+1 5 0 1
+4 2 1 0 1 0 0 1
+8 1 1
-1 1 0 1
+1 1 0 1
+1 1 0 1
+1 7 7
627 5 1 0 1 0 0 1
+3 6 0 3
-32 5 2 1 1 0 0 1
+75 4
+8 5
+2 2
-2 1
+6 3 0 0 1 0 0 1
+3 1
+1 5 1
-4 4
+21 2
-21 4
+2 1
+2 4
-4 1
+6 4 0 0 1 0 0 1
+3 2
+5 1
+2 2 0 0 1 0 0 1
+1 1
+1 1
-2 2
+1 1
-19 4
+46 2
+1 1
+1 2
+1 1
+25 3
630 3 0 2 1 0 0 1
+10 6
+14 2
+4 1
+3 1
+1 1
-4 2
+3 3 0 1
+6 4
-37 12
+7 6
-7 3 0 0 1 0 0 1
+7 2
+3 20
+5 2 0 0 1 0 0 1
+4 1
+1 1
-1 2
+1 1
+61 2 0 0 1 0 0 1
+7 1
+2 2
-16 1
+22 1
-6 2
+1 1
+5 1
-30 5 4 0 1 0 0 1

fl=(8)
fn=(14)
25 7 0 0 1 0 0 1
+3 7 7
-3 7
+3 14 0 0 1 0 0 1
+3 21 14
+1 14 7 7 0 6 1 0 6 1
+2 7 7
-1 7 7
+3 21
+1 7 0 7
+1 14 7
+7 7
-5 7 0 7
-2 7 0 7 1 0 0 1
+3 14
+2 7 0 7
+2 14 0 7
+5 7 7

fl=(65) ./io/../sysdeps/unix/sysv/linux/stat64.c
fn=(210) stat
28 6
+1 12
cfi=(66) ./io/../sysdeps/unix/sysv/linux/fstatat64.c
cfn=(212) fstatat
calls=3 146 
* 28 3 2 1 0 0 1

fl=(16) ./elf/../sysdeps/x86/cpu-features.c
fn=(36) init_cpu_features.constprop.0
682 1 0 1 1 0 0 1
+17 1
-17 7 0 5
+3 1 0 1
+1 1 0 1 1 0 0 1
+1 1 0 1
+3 1 0 1 0 0 1 0 0 1
+9 2 0 1
+3 6 0 0 1 0 0 1
1001 3 1 0 1 0 0 1
+1 2 0 1
+3 2
+1 2 0 1
+6 1 0 1
+1 1 0 1
+1 1 0 1
+1 1 0 1 1 0 0 1
fi=(20)
792 1 0 1
+1 1 0 1
+2 1 0 1
+14 2
+85 1 1 0 1 0 0 1
+1 1 1
+15 1
-5 1 0 1
+5 1
-10 1 0 1 0 0 1 0 0 1
-6 1 0 1 0 0 1 0 0 1
+2 1 1
+14 1
-15 1 0 1
+2 1 1 0 1 0 0 1
-1 1 0 1
+2 1 1
-1 1 0 1
+2 1 1
-1 1 0 1
+1 1 0 1
+2 1 0 1
+1 1 0 1
+1 1 0 1 1 0 0 1
+1 1 0 1
+35 2
-15 3 1
+8 2
+27 6 0 0 1 0 0 1
+9 2
+19 2 1
+8 6 0 1 1 0 0 1
cfi=(11)
cfn=(28)
calls=1 387 
* 23 4 1 0 1 0 0 1
* 1 1
+2 2
+3 4 0 1
cfi=(11)
cfn=(28)
calls=1 387 
* 23 4 1 0 1 0 0 1
* 1 1
+2 2
+3 4 0 1 1 0 0 1
cfi=(11)
cfn=(28)
calls=1 387 
* 23 4 1 0 1 0 0 1
* 1 1
+1 5 0 1
+16 2 0 1 1 0 0 1
-12 5 0 2
cfi=(11)
cfn=(28)
calls=1 387 
* 23 4 1 0 1 0 0 1
* 1 1
+1 3 1
+6 3 0 1
+3 1 0 0 1 0 0 1
-3 2 0 1
cfi=(11)
cfn=(28)
calls=1 387 
* 23 4 1 0 1 0 0 1
* 1 1
+3 5 1 1
-3 1 0 1
+3 5 1 4 1 0 0 1
cfi=(11)
cfn=(58) __GI___tunable_set_val
calls=1 153 
* 62 9 6 5 0 0 5
+1 10 2 5 1 0 0 1
cfi=(11)
cfn=(58)
calls=1 153 
* 62 9 6
+1 11 2 5 1 0 0 1
cfi=(11)
cfn=(58)
calls=1 153 
* 62 9 6
+3 10 1 5
cfi=(11)
cfn=(58)
calls=1 153 
* 62 9 6
+2 10 1 5 1 0 0 1
cfi=(11)
cfn=(58)
calls=1 153 
* 62 9 6
+13 1 1
+2 1 1
fe=(16)
-23 1
fi=(20)
+21 1 1
+3 1 1 0 1 0 0 1
fe=(16)
-24 1
fi=(20)
+26 1 0 1
-5 1 1
+2 1 0 1
-2 1
+3 1 0 1
fe=(16)
-24 1
fi=(20)
+25 1 0 1
+3 1 0 1
-1 1 0 1 1 0 0 1
fe=(16)
-27 1 0 1
cfi=(11)
cfn=(28)
calls=1 387 
* 22 3 1 1 1 0 1 1
+3 4 0 1
cfi=(11)
cfn=(28)
calls=1 387 
* 24 4 1 0 1 0 0 1
+6 3 1
+54 1 1 0 1 0 0 1
-1 1 0 1
+1 1
+45 4 0 1
cfi=(11)
cfn=(28)
calls=1 387 
* 22 3 1 0 1 0 0 1
+2 4 0 1
cfi=(11)
cfn=(28)
calls=1 387 
* 22 3 1 0 1 0 0 1
+6 4 0 1
cfi=(11)
cfn=(28)
calls=1 387 
* 24 4 1 0 1 0 0 1
+7 8 7
fi=(20)
974 12 0 0 2 0 0 2
fe=(16)
+68 1 1
-1 2
+1 3 0 0 1 0 0 1
+44 3 1
+27 2 0 1
-10 2 0 0 1 0 0 1
+1 2
+2 3
+1 2 1
+2 3
+1 2
fi=(20)
811 2 0 1 1 0 0 1
cfn=(50)
calls=1 255 
* 455 49 19 13 6 0 13 6
+1 1
-1 1 0 1
+1 1 0 1 1 0 0 1
cfn=(50)
calls=1 255 
* 503 49 19
+1 1
-1 1
+1 1 0 1
cfn=(50)
calls=1 255 
* 530 49 19
+4 1
-4 1 0 1
+1 2 0 2
+3 1 0 1
cfn=(50)
calls=1 255 
* 476 49 19
+2 1
-2 1 0 1
+2 1 0 1
cfn=(50)
calls=1 255 
* 468 49 19 1 0 0 1
+3 1
-3 1 0 1 1 0 0 1
+1 2 1 1
+2 1 0 1
cfn=(50)
calls=1 255 
* 446 49 19
+2 1
-2 1 0 1
+2 1 0 1
cfn=(50)
calls=1 255 
* 447 49 19
+3 1
-2 1 0 1
-1 1 0 1
+3 1 0 1
cfn=(50)
calls=1 255 
* 494 49 19
+2 1 0 0 1 0 0 1
-2 1 0 1
+2 1 0 1
cfn=(50)
calls=1 255 
* 495 49 19
+1 1 1
+2 1
-3 1 0 1
+1 1 0 1
+2 1 0 1
cfn=(50)
calls=1 255 
* 521 49 19
+2 1
-2 1 0 1
+2 1 0 1
cfn=(50)
calls=1 255 
* 522 49 19
+2 1 0 0 1 0 0 1
-2 1
+2 1 0 1
cfn=(50)
calls=1 255 
* 523 49 19
+2 4 1
-2 1 0 1
+2 1 0 1
cfn=(56)
calls=1 571 
* 223 25 21 14 0 0 14
+93 1 1
-6 3 3 0 1 0 0 1
+6 1
-6 2 1 1
+6 2
-6 2 1 1
+6 2 1
-1 2
fe=(16)
708 6 0 1 2 0 0 2
cfn=(38) get_common_indices.constprop.0
calls=1 398 
* 74 10 23 6 0 3 6 0 3
376 3
+1 2
+1 6 0 4
+5 2 0 0 1 0 0 1
713 1 0 1
cfn=(42) update_active.constprop.0
calls=1 72 
* 222 39 42 21 1 3 21 1 3
+2 1 1
+2 1 1
1015 1 1
715 2
878 2 1 0 1 0 0 1
+7 2 1
+2 2 0 1
+4 2
+6 2 1
+2 1 0 0 1 0 0 1
706 2 0 1
-3 1
384 6 0 4 1 0 0 1
+5 2
+1 7 0 4 1 0 0 1
717 1 1 0 1 0 0 1
fi=(20)
987 1 1
-48 1 1
fe=(16)
717 1
fi=(20)
987 2 0 1
fe=(16)
717 6 1 1 1 1 0 1 1
+4 7 1 0 0 1 0 0 1
+78 1 0 1 1 0 0 1
-25 3 2
+92 2
+3 2 0 1
fi=(20)
+38 1 1
fe=(16)
-37 1 0 0 1 0 0 1
-89 2 0 1 1 0 0 1
+51 2

fn=(38)
398 3 0 2 1 0 0 1
+4 4
+3 3 0 1
+5 2
-5 1 0 1
+5 1
-5 1 0 1
+4 1 0 1
+1 1 0 1
+1 4 0 1 1 0 0 1
+1 4 0 1
+1 3 0 1
+1 2 1
+7 2 1
+2 5
+5 1 0 0 1 0 0 1
-5 1 0 1 0 0 1 0 0 1
+5 1
-5 1 0 1
+5 1
-5 2 0 2
+5 1
+7 1 1
-7 4 0 4 1 0 1 1 0 1
+7 1
+1 3
+6 1 1
-6 4 0 4 0 0 1 0 0 1
+6 1
fi=(17) ./elf/../sysdeps/unix/sysv/linux/x86/dl-minsigstacksize.h
24 2 1 0 2 0 0 2
+3 2 1
+1 2 1
+37 3
+7 1
+2 1 0 1
fe=(16)
457 3 3

fn=(42)
72 8 0 6 2 0 0 2
+4 1 1
+10 1 1
+9 1 1
+9 1 1
-19 1
-1 1
+29 1 1
-4 1
-24 1
+9 1
+9 1
+9 1
-28 2 1 0 1 0 0 1
+25 1
-15 1
-9 1
+9 1 1
+9 1
+9 1
-3 1
+7 1
-13 1 1
+9 1 1
+4 2 1 0 1 0 0 1
-22 1 0 1
+22 2 0 2 0 0 1 0 0 1
-13 1 0 1
+6 1 0 1
+3 1 0 1
+5 1 1
+12 1 1
-8 1
-4 1 0 1 1 0 0 1
+7 1 1
-3 4 1 2
+1 1 1
+2 1 0 1
-2 2 0 1
+1 3 1 1 1 0 0 1
+5 1
+2 1 1 0 0 1 0 0 1
-2 4 1 1
+1 1
+1 1
-1 2 1
+1 1 0 1
-1 1 0 1 1 0 0 1
+3 2
+1 4 0 1
+14 2
356 2
+4 3 1 0 1 0 0 1
fi=(18) ./elf/../sysdeps/unix/sysv/linux/x86/dl-hwcap2.h
25 2 1
fi=(19) ./elf/../sysdeps/x86/get-isa-level.h
+5 1
-2 1
+2 3
fe=(16)
369 1 0 1
+1 8 7
151 2 0 1 1 0 1 1 0 1
+1 2 0 1
-1 5 0 3 1 0 0 1
+1 2
+2 3
+90 1 1
+1 1 1
-1 2
+17 4 0 0 1 0 0 1
+16 2
+5 1 1 0 1 0 0 1
-1 2 0 1
+4 4 1 1
+4 2
+4 3 0 0 1 0 0 1
+1 2
+3 1
-1 1
+9 1
-5 1
+2 1 0 1
-2 1 0 1
+5 1
+51 1 0 0 1 0 0 1
fi=(19)
31 1 1
fe=(16)
356 2
fi=(19)
32 3
+4 3
fe=(16)
158 4 0 1 1 0 0 1
+3 1
+3 2
+14 1 1
+2 1 1
+10 3 0 1
-12 1 0 0 1 0 0 1
+12 1 0 1
-12 1
+2 2
-2 1 0 1
+2 1
+8 1 1
-8 1 0 1
+6 3
+2 1 1
-2 1 0 1
+2 3 0 1 1 0 0 1
+7 5 0 1
fi=(19)
39 2 0 0 1 0 0 1
+1 4 1 0 1 0 0 1
-2 1
+7 4
+2 1
+1 2
+3 5 1 0 1 0 0 1
+2 4
+1 2
+1 2
+3 1
-1 1
+1 3
fe=(16)
171 1 0 1 1 0 1 1 0 1
-5 2 0 1
+4 1

fl=(14)
fn=(30)
36 1 0 0 1 0 0 1
fi=(254) ./elf/../sysdeps/unix/sysv/linux/brk_call.h
-12 2
fe=(14)
+13 1 0 1 0 0 1 0 0 1
+1 2
+6 1
+1 1 1

fl=(78) ./elf/./elf/dl-lookup.c
fn=(270) _dl_lookup_symbol_x
772 11466 0 7644 1 0 2 1
+3 1911
-3 5733 0 3822
+3 1911
-3 7644 0 5733 1 0 7 1 0 2
fi=(79) ./elf/../sysdeps/generic/dl-new-hash.h
74 1911 1911 0 0 968 0 0 775
+3 3822
-8 1911
+1 3822
+10 1911 1911 0 0 17 0 0 17
+1 3822
-1 38377 38377 0 0 469 0 0 406
+1 76754
+20 39331
-2 39331
+6 39331
-3 78662
+2 39331 0 0 1 0 0 1
-30 39331 39331 0 0 489 0 0 446
+3 78662
fe=(78)
774 1911
+1 1911
+3 1911 0 1911 0 0 2
-4 1911 0 1911 0 0 3
+1 1911 0 1911
+7 7606 1892
+5 1911 1911
-2 1911 1911
+2 1911 1911 0 0 4
-2 1911 0 0 1 0 0 1
+6 26834 16 5733
+1 26754 13377 13377 1 0 9 1 0 2
cfn=(274) do_lookup_x
calls=1911 347 
* 685711 229800 81464 94 4680 75 61 1210 42
* 5733 0 0 1 0 0 1
+28 1911 1911
-23 5733 3822
+23 1911
-23 3822
+24 11354 1891
+7 1895 1895
-7 1895
+35 7580 1895 0 1 0 0 1
+34 7580 1895
-20 5685 1895 0 0 15 0 0 1
+3 3790 1895
-57 1911 0 1911
+76 17199 13377 0 1 0 0 1
fi=(79)
87 957 0 0 1 0 0 1
+1 957
+1 1914
+1 957
fe=(78)
871 2 0 1 1 0 0 1
-72 96 16 0 1 0 0 1
+18 48 0 0 1 0 0 1
+11 64 0 0 1 0 0 1

fn=(276) check_match
70 28530 3804 11412 1 107 12 1 56 3
+3 11402 3804 0 1 241 0 1 183
+13 1897
-13 1897
+13 1897
-13 1897
+13 5691
+3 4250 228 114
cfi=(32)
cfn=(94)
calls=114 +9 
* 6659 1043 0 44 125 0 18 77
* 228
+4 1897 1897 0 1 12 0 1
+1 3794
+2 3788
+19 3788 3788 0 0 85 0 0 16
+1 15152 5682 0 1 28 0 1
+2 6 3
+1 2
+42 1894
+1 15216 13314
-18 6
+2 6 6 0 0 3 0 0 1
+1 3
-1 6
+1 9
-1 6
+4 2
+1 7 3 1
+2 3 1 1
-75 6
+39 5673 3782 1891 2 7 0 2
cfi=(32)
cfn=(94)
calls=1891 -19 
* 49827 13276 0 4 99 0 0 7
* 3782
-44 20
+5 10

fn=(274)
347 17199 0 13377 3 0 5 2 0 2
+1 1911 1911 0 0 2
-1 7644 3822 3822 0 0 5 0 0 1
+6 1911
-6 1911 0 1911
+65 1911
-58 1911 1911
+11 1911 1911
+50 1911 0 1911
-3 3822 0 1911
+3 3822
-50 1911
+50 7644 1911 1911 1 0 0 1
-19 18315 6105 0 0 22
+8 6105 6105 0 0 27
-4 6105 0 6105
+1 6105 0 6105
+3 24420 12210 0 0 24
+1 12210 12210 0 1 9 0 1
+3 6105 6105
-3 6105
+4 12210
+4 12210 12210
-2 6105 6105 0 0 888 0 0 135
+5 24420 12210
+3 42735 6105
+99 12645
358 12220 12220 0 1 18 0 1
+3 12220
+4 12254 17
+21 12210 6105 0 1 16 0 1
+4 12210 6105 0 0 1
+71 15152 11364 0 2 0 0 1
fi=(4)
139 3788 1894
+1 5682
fe=(78)
476 3788 0 0 1 0 0 1
fi=(4)
139 2 1
+1 3
fe=(78)
476 2
fi=(80) ./elf/../sysdeps/generic/dl-protected.h
29 7580
fe=(78)
483 10048 1895
+16 3626 1813 1813
+1 1813 0 1813
+22 1813
-21 1813
+21 12773 12691
-21 82
+21 574 574
-99 5994 1998 0 1 0 0 1
-1 3996 3996 0 0 1144 0 0 186
+2 3996
+2 1996 1996
+6 7984 1996 3992 1 0 0 1
-6 1996
+6 13972 0 9980 0 0 3
+7 9270
-10 24920 4984 0 1 1688 0 1 473
+2 1902
+1 5706 1902
-1 1902 1902
+1 3804 3804 1902 0 0 3 0 0 1
-1 1902
+1 1902 0 1902
+1 1902
-1 1902 0 1902
+1 1902
-1 13314 5706 5706 1 0 4 1
cfn=(276)
calls=1902 70 
* 169251 50631 13419 54 707 12 24 340 3
+4 5706
+3 16 8
+31 817 715 0 2 0 0 2
+2 2
+50 16
-1 16
+1 112 112 0 1 0 0 1
222 82 82
+2 82
-2 246 82 164
+2 82
-2 82 0 82
+2 82
-2 82 0 82 1 0 0 1
+2 246 0 82
+2 82
-2 246 82 164 0 2
cfi=(24)
cfn=(86) rtld_mutex_dummy
calls=82 42 
* 246 82
+2 82 82 0 0 2 0 0 1
+2 82 82
-1 82 82
+1 246 82
+2 162 0 0 1 0 0 1
+1 81
-1 567 0 324
+1 81
-1 162
+1 162
-1 162 0 81
+1 162 0 0 1 0 0 1
-1 1640 127
+24 352
+3 95
+1 285
-23 176 176 0 1 66 0 1 25
-1 352 176
487 3711 1237 0 1 2 0 1
+4 1 0 1 1 0 0 1
fi=(28)
44 4 1 2
cfi=(27)
cfn=(74)
calls=1 +36 
* 41 8 7 0 1
* 1
fe=(78)
302 2 0 0 1 0 0 1
-72 1
+70 2 2
+5 1 0 1
+2 1 1
-7 1
+6 1 0 1
+1 1 0 1
170 12 0 0 1 0 0 1
+1 9 0 0 1 0 0 1
311 6 2
-1 2
+1 486 162
-1 162
+19 246 164 82 1 0 0 1
+2 82 82
-2 328 0 82
+2 82 82 82
cfi=(24)
cfn=(86)
calls=82 42 
* 246 82
+2 164 164
+1 82 0 82
-1 82 0 82
+1 82
176 518 0 0 1 0 0 1
-2 84
+1 252
-3 332 166 0 1 1 0 1 1
+7 82 0 82
+1 82 0 82
+1 82 0 82 0 0 19 0 0 11
+1 82 0 82
318 328 82
-56 1377 648 0 2 0 0 2
+7 10 0 8 1 0 0 1
cfi=(52)
cfn=(524) _dl_higher_prime_number
calls=2 87 
* 159 14 0 1 4 0 1 2
fi=(28)
44 2
fe=(78)
269 2
fi=(28)
44 4 2 2
cfi=(27)
cfn=(74)
calls=2 +36 
* 82 16 14 0 1
* 2 0 2
fe=(78)
272 4
171 4 2
279 2 2
171 4 0 2
279 296 4 2 1 0 0 1
+1 276 92 0 0 4 0 0 1
+1 140 70 0 1 0 0 1
170 70
281 140 140 0 0 5
170 70
281 70
170 70
+1 70
-1 70
+1 210 70
+1 440
+2 14
+1 42
-3 168 84 0 0 46 0 0 46
+7 70 0 70
+3 70 0 70 0 0 24 0 0 24
-2 70 0 70
+3 70
+76 322 0 0 1 0 0 1
-83 12 2 0 1 0 0 1
285 10 4 4 1 0 0 1
+2 2
-2 10 2 2
cfi=(27)
cfn=(142) __minimal_free
calls=2 97 
* 10 4 0 1
170 2
288 2 2
-2 2 0 2
+3 4 4
-1 2 0 2 1 0 0 1
+1 4 2 2
170 4 2
+1 2 2
-1 2
+1 8 2

fl=(177) ./elf/./elf/dl-init.c
fn=(586) call_init.part.0
26 84 0 42 4 0 0 2
+17 7 7
+3 7 7 0 0 1
-3 14 0 7
+3 14 7 0 0 6
+5 12 6
+8 18 6 0 1 4 0 1
+1 24 8 4 0 4
cob=(4)
cfi=(175)
cfn=(630)
calls=1 -60 
* 7 2 0 1 1 0 1
cob=(4)
cfi=(175)
cfn=(618)
calls=1 -60 
* 7 2 0 1 1 0 1
cob=(4)
cfi=(175)
cfn=(608)
calls=1 -60 
* 7 2 0 1 1 0 1
cob=(4)
cfi=(175)
cfn=(588)
calls=1 -60 
* 7 2 0 1 1 0 1
+3 6 6 0 0 5
+1 12
+6 10 10 0 0 4
+2 10 10
-2 5
+3 48 0 0 1 0 0 1
+1 72 18 18 0 3
cob=(7)
cfi=(185)
cfn=(1302) 0x00000000000b7a10
calls=1 -74 
* 83 17 18
cob=(7)
cfi=(185)
cfn=(1296) 0x00000000000b79b0
calls=1 -74 
* 255 53 58 2 0 2 2 0 2
cob=(7)
cfi=(185)
cfn=(1270) 0x00000000000b78f0
calls=1 -74 
* 50 25 12 3 5 0 3 1
cob=(7)
cfi=(185)
cfn=(1244) 0x00000000000b7830
calls=1 -74 
* 50 25 12 3 9 0 3 1
cob=(7)
cfi=(185)
cfn=(1226) 0x00000000000b77b0
calls=1 -74 
* 34 17 8 2 5 0 2 1
cob=(7)
cfi=(185)
cfn=(1208) 0x00000000000b7730
calls=1 -74 
* 34 17 8 2 5 0 2 1
cob=(7)
cfi=(185)
cfn=(1204) 0x00000000000b76e0
calls=1 -74 
* 173 36 39 1 0 1 1 0 1
cob=(7)
cfi=(185)
cfn=(1202) 0x00000000000b76c0
calls=1 -74 
* 83 17 18 1 0 0 1
cob=(7)
cfi=(185)
cfn=(1200) 0x00000000000b76a0
calls=1 -74 
* 83 17 18 0 0 1 0 0 1
cob=(7)
cfi=(185)
cfn=(1198) 0x00000000000b7530
calls=1 -74 
* 48 11 28 6 4 6 6 4 6
cob=(7)
cfi=(185)
cfn=(1172) 0x00000000000b7400
calls=1 -74 
* 78 7 36 4 1 4 3
cob=(7)
cfi=(185)
cfn=(1116) 0x00000000000b71e0
calls=1 -74 
* 4137 943 641 97 102 48 85 31 45
cob=(7)
cfi=(185)
cfn=(1106) 0x00000000000b71c0
calls=1 -74 
* 758 254 132 4 6 0 3
cob=(7)
cfi=(185)
cfn=(1104) 0x00000000000b71b0
calls=1 -74 
* 3 1 1 0 0 1
cob=(7)
cfi=(185)
cfn=(1090) 0x00000000000b7120
calls=1 -74 
* 948 293 177 5 10 2 4 2 1
cob=(7)
cfi=(185)
cfn=(1084) 0x00000000000b7ae0
calls=1 -74 
* 12 1 0 3 0 0 3
cob=(6) /usr/lib/x86_64-linux-gnu/libgcc_s.so.1
cfi=(184) ???
cfn=(624) 0x0000000000005b10
calls=1 -74 
* 12 1 0 3 0 0 3
cob=(2)
cfi=(182)
cfn=(606)
calls=1 545 
* 12 7 0 2 4 0 2
* 20 5 5 0 3
cob=(7)
cfi=(185)
cfn=(634) 0x00000000000b74f0
calls=1 -74 
* 85236 25543 12140 432 588 166 422 120 117
cob=(6)
cfi=(184)
cfn=(622) __cpu_indicator_init
calls=1 -74 
* 364 17 45 40 2 0 40 1
cob=(3)
cfi=(183)
cfn=(612)
calls=1 -74 
* 12 1 0 3 0 0 3
cob=(2)
cfi=(179)
cfn=(598)
calls=1 -28 
* 72 19 11 7 5 3 7 1 1
cob=(5)
cfi=(178)
cfn=(592)
calls=1 -74 
* 12 1 0 3 0 0 3
-1 69 0 0 1
+3 56 49 0 0 1
-29 2 0 0 1 0 0 1

fn=(584) _dl_init
81 13 0 6 1 0 0 1
+1 1 1 0 0 1
+1 1 1
+3 3 1
+8 2 0 0 1 0 0 1
+25 1 1
+1 8
+1 14 14 0 1 3
-92 14 7
+6 21 7 0 1 0 0 1
+2 32
+83 12 0 6
cfn=(586)
calls=6 -94 
* 92990 27447 13469 627 775 234 599 163 174
* 12 0 0 1
+7 8 7 0 0 2
-98 2 1 0 1 0 0 1
+60 2 0 1
-54 3 1
+2 7 0 2 1 0 1 1
cfn=(586)
calls=1 -11 
* 77 23 9 8 6 0 8
* 2 1

fl=(13)
fn=(26)
289 2 0 1 1 0 0 1
+1 2
-1 2 0 0 1 0 0 1
+1 2 0 1
cfi=(11)
cfn=(28)
calls=1 +97 
* 24 4 1 2 1 0 2 1
+2 3 1
-1 1 0 1
+2 2 2

fn=(234) dfs_traversal.part.0
135 108 0 60 2 0 0 1
+10 12 12 0 0 2
-2 12 0 12
+2 24
+2 36 9 0 0 4
-7 62 31
+7 116 29 0 0 1
+9 24 0 0 2 0 0 1
+15 36 12 12
+1 12 0 12
+1 78 72 2 1 0 0 1
cfn=(235) dfs_traversal.part.0'2
calls=2 -38 
* 85 27 16 0 1
-26 10 4
+9 18 6 0 1

fn=(235)
135 18 0 10
+10 2 2
-2 2 0 2
+2 4
+2 8 2 0 0 1
-7 8 4
+7 16 4
+9 4
+15 6 2 2
+1 2 0 2
+1 12 12
-17 3 1

fn=(232) _dl_sort_maps
298 24 0 12 1
+8 2 2 0 2 2 0 1
-8 2 0 2
+8 4
+4 16 14 0 4 0 0 2
-99 2 0 0 2 0 0 1
-28 2
-2 2 0 2
+1 4 2
+29 2
-28 8
+1 2 2 0 2 0 0 1
-1 2
+1 2 0 2
-1 4
+1 12 12
-1 12
+1 12 0 12
-1 24
+28 30 0 2 2 0 0 1
+8 6
-3 2
+2 2 0 2
+1 4
-3 2 0 2
+5 44 0 0 2 0 0 1
+2 14 14
-83 64 14 12
cfn=(234)
calls=12 -5 
* 633 202 114 6 8 0 3
+86 40 12
+18 8 2 0 2 0 0 1
+32 8 2 0 2 0 0 1
+7 2 2 0 2 0 0 1
+27 2
-47 6 0 2 2 0 0 1
cfi=(29)
cfn=(82)
calls=2 -53 
* 38 10 8 3
* 2

fl=(25)
fn=(70)
28 3 0 0 1 0 0 1
+1 3 3
+3 54 48
+13 44
-13 88
+2 92 46
+1 18 9
+5 2
-3 2
+3 2 0 2
+2 2 2

fl=(73)
fn=(240)
392 7 0 5 1 0 0 1
+4 5
-2 1
+4 42 7 7 1 0 0 1
cfn=(242) _dl_check_map_versions
calls=7 155 
* 24593 7397 1561 54 130 77 54 120 74
-2 7 7
+2 21
-1 7
-1 14
+5 7 6

fn=(242)
155 70 0 42
+15 21 7
+2 35 14 0 1 1 0 1
+2 7 7 0 0 2
+1 7 7
+2 14
+3 10 10
-16 10 0 5
+20 5 5 0 0 5 0 0 5
-4 5 0 0 1 0 0 1
-24 5 0 5
+28 35 0 25
+16 10 10 0 1 0 0 1
36 5
200 5
36 35 10
200 14 14
36 7
200 7
36 49 14
+1 53 53
-1 106
+2 195 0 65 1 0 0 1
cfi=(52)
cfn=(168) _dl_name_match_p
calls=65 +30 
* 6473 1402 329 3 0 0 3
* 142
208 36 12
+5 12 12 0 0 2 0 0 2
fi=(255) ./elf/../sysdeps/generic/_itoa.h
76 36 12 24
fe=(73)
213 24
+4 24 24 0 1 3 0 1 3
+1 24 24
-1 24 0 12
+4 12 12
-3 12 12
+3 12 0 12
-3 36 24
-1 80 80 0 0 11 0 0 11
+1 80 80
-1 80 0 40
+4 40 40
-3 40 40
+3 40 0 40
-3 185 106 0 1 1 0 1
56 208 156
+8 156 52
+6 156 52 0 1 1 0 1
+16 52 52 0 0 1
+1 104
+2 52 52
+5 364 52 156 0 5 0 0 5
+14 1746 873 0 0 12 0 0 11
+12 2463 821 0 1 12 0 1 12
+4 821
-30 1642 821 0 0 25 0 0 25
231 208 52
+3 156 52
+5 40
-24 40
110 52 52 0 1 1 0 1 1
+3 260 104 104 1 0 0 1
cfi=(32)
cfn=(94)
calls=52 -15 
* 2008 394 0 24 25 0 24 24
* 156 52
224 156 104
+1 3 1 1
cfi=(32)
cfn=(94)
calls=1 98 
* 71 9 0 0 1 0 0 1
* 2
+3 26 12 13 1 0 0 1
+15 36 12
+5 7
-50 7
+59 25 15 0 2 0 0 2
+3 10 10
+3 35 10 5
+3 20 5
+4 5
-7 20 5
+3 15 5
+4 124
-7 496 124 0 0 14 0 0 14
+3 377 124 5 0 5 0 0 5
+8 15 5
+6 12 6 6 1 0 0 1
fi=(28)
44 6
fe=(73)
280 12
fi=(28)
44 6 6 6
cfi=(27)
cfn=(74)
calls=6 +36 
* 301 56 48 0 0 1 0 0 1
fe=(73)
281 12 6
-2 6 0 6 0 0 1
fi=(28)
44 6 0 0 1 0 0 1
fe=(73)
281 6
+13 6 6 0 0 1
-3 6 0 6
+3 24 12 6 0 1 2
+2 12
+3 20 10 0 1 0 0 1
+4 36 12
+7 52
+1 52
-1 156 52
+1 52 0 52 0 0 20 0 0 20
+1 52 52
-2 52 0 52
+2 104 0 52 0 0 2 0 0 2
+1 156 52 52 0 0 1 0 0 1
+3 156 52
+5 40
-15 40 40
+2 40
-2 40
+2 40
-2 40
+2 80
-2 12 12 0 1 0 0 1
+2 12
-2 12
+2 12
-2 12
+2 24
+16 36 12
+5 7 0 0 1 0 0 1
-28 7
+33 10
+3 10 5
+4 129 129
+6 129 129
+1 129 129
+1 129 129
-1 387
+1 129
-1 129 0 129 0 0 33 0 0 33
+1 129 0 129
+1 129 0 129 0 0 17 0 0 17
+3 387 129
+4 129
-14 268 134
+10 15 5
+12 10
+1 10 5 0 1 0 0 1
+1 10 5
+1 4 2
+19 63 56 0 1 0 0 1
164 2 0 2 1 0 0 1
-8 2 0 2
257 5
+17 3 1 0 1 0 0 1
+60 2
-40 2 1
+76 4 3 0 1 0 0 1
+2 4 2
+4 2
-4 120 30
+1 60 0 0 1 0 0 1
+2 1 1
+1 2
-1 1
+1 1 0 1
cfi=(32)
cfn=(244)
calls=1 98 
* 32 7 0 3 1 0 3 1
* 2

fl=(22)
fn=(62)
57 30 0 0 1 0 0 1
+44 30
+1 30
+1 30
+1 30
+1 30
+1 30
+1 30
+2 30
+2 30
+31 29 29 0 0 5 0 0 5
+1 29
+1 29
+1 29
+1 29
+1 15
+2 15 15
+4 14 0 0 1 0 0 1
+1 14 14
+1 14 14
+1 14 14
+1 14
+1 14
+1 14
+1 14
+1 14
+1 14
+1 14
+1 14
+5 112 14 0 1 0 0 1
+4 1
+1 14 4 0 1 0 0 1
+1 6
+15 1
+1 1
+1 2
+51 1 1 0 1 0 0 1
+1 1 1
+1 1 1
+1 1 1
+1 1
+1 1
+1 1
+1 1
+16 1 0 0 1 0 0 1
+2 1
+1 14 4 0 1 0 0 1
+2 1
+1 1
+1 1
+2 1 1

fl=(23)
fn=(64)
37 4 0 2 1 0 0 1
+3 1 1
-3 2 0 1
+21 2
+4 2
+16 5 4 0 1 0 0 1

fl=(71) ./malloc/./malloc/scratch_buffer_set_array_size.c
fn=(228) __libc_scratch_buffer_set_array_size
30 65 0 20 1 0 0 1
+4 5
+1 10
+10 10 5
+18 5 0 0 1 0 0 1
-17 5
+17 25 25

fl=(24)
fn=(256)
68 2 0 1
fi=(256) ./elf/../include/list.h
-24 1
fe=(24)
+24 3 0 1
fi=(256)
-25 1 1 0 0 1
fe=(24)
+26 1 1
+3 1
fi=(256)
-29 1 0 1 1 0 0 1
+1 1 0 1
+1 1 0 1
+2 1 0 1
fe=(24)
+28 4 0 1
+1 2 0 1
+1 1 0 1 1 0 0 1
+5 2 1 1
+5 1
+6 1
-3 1 0 1
+3 1
-6 3 0 1
+6 1
+12 4 0 1 1 0 0 1
cfi=(11)
cfn=(28)
calls=1 387 
* 24 4 1 0 2 0 0 1
fi=(75) ./elf/../sysdeps/unix/sysv/linux/rseq-internal.h
-73 3 1
+8 1 0 1
fe=(24)
+81 3 2 1 0 1
+7 2 1 1
+1 3 3
fi=(75)
-95 7 0 0 1 0 0 1
+3 2
fe=(24)

fn=(86)
42 178
+2 356 178

fn=(68)
53 3 0 0 1 0 0 1
+3 8 0 2 1 0 1 1 0 1
+5 1
-5 1
+5 1 0 1
+1 1 0 1 1 0 0 1
-6 1 0 1
+8 1 1

fl=(76)
fn=(260)
361 8 0 4 1 0 0 1
-76 1 1
-10 2
+2 2 1
-1 1 0 1
+6 1 1
+3 1 0 1
+8 1 0 0 1 0 0 1
-11 1
+1 1
-1 1
+1 1
-1 1 0 1
+1 1 0 1
+10 4 1
+3 1 0 1
+4 2
+2 2
-1 1 0 1
+2 2 0 0 1 0 0 1
+2 2
-1 2 0 1
+4 1 0 1
+2 1 0 1
+3 2
145 2 1 0 0 1
+12 2 1
+16 1 0 0 1 0 0 1
+6 1 0 1
363 6 5

fn=(580) _dl_cet_setup_features
331 1 0 0 1 0 0 1
+3 2
+16 1 1

fl=(187) ./elf/./elf/dl-runtime.c
fn=(644) _dl_fixup
46 803 0 438 2 0 0 2
+2 365 292
+1 73 73
+6 73
fi=(257) ./elf/../sysdeps/x86_64/dl-runtime.h
-27 73
fe=(187)
+21 73 73
+5 73 73 0 0 1
+1 73 73 0 0 1
-6 73 0 0 1 0 0 1
+6 146
+1 73 73 0 0 70
+2 73 73 0 0 5
-2 73
+2 73
-2 365 0 73 0 0 1
+7 146
+4 146 73 0 0 71 0 0 41
+4 73 73 0 1 1 0 1
-2 73
+2 146
+4 219 146 0 0 58 0 0 1
+1 292 73
+1 219 73 0 0 13
+8 73 73
-1 73 0 0 1 0 0 1
+1 146
+10 730 146 219 0 1
cfi=(78)
cfn=(270)
calls=73 772 
* 51188 13900 4818 27 450 29 0 97 4
* 73
+4 365 219 0 1 0 0 1
+10 730 292 73
+15 292 73 0 1 0 0 1
+9 219 73
+26 219 73
fi=(6)
+75 73 0 73
fe=(187)
-71 584 511 0 1 0 0 1
fi=(222) ./elf/../sysdeps/x86_64/dl-irel.h
32 2 0 2 1 0 0 1
cob=(2)
cfi=(127)
cfn=(394)
calls=1 -3 
* 25 5 0 2
cob=(2)
cfi=(121)
cfn=(374)
calls=1 -3 
* 24 5 0 3 2
fe=(187)
+93 4 0 2

fl=(38) ./elf/../sysdeps/x86_64/dl-hwcaps-subdirs.c
fn=(110) _dl_hwcaps_subdirs_active
29 1 0 0 1 0 0 1
fi=(19)
+2 1 1
fe=(38)
+7 1
fi=(19)
-8 4
fe=(38)
+22 1 1
fi=(19)
-20 3 1
+4 1
fe=(38)
+2 1
fi=(19)
-2 2
+3 4 1 0 1 0 0 1
+1 4 1
+5 1
fe=(38)
-7 1
fi=(19)
+7 3
fe=(38)
-2 1
fi=(19)
+5 2
+3 5 1
+2 4 0 0 1 0 0 1
+1 2
+1 2
+3 1
fe=(38)
-10 1
fi=(19)
+10 3
fe=(38)

fl=(46)
fn=(528)
523 11 0 8 1 0 0 1
+1 2
+4 1 1 0 0 1
+6 1 0 0 1 0 0 1
-6 1 0 1
+6 1 1 1 0 1
cfi=(24)
cfn=(86)
calls=1 42 
* 3 1
+3 3 2 0 0 1
+12 1 1
-18 1
+42 3
-19 12 1 1 1 0 0 1
+9 9 3 0 0 1
+1 6
+6 9 6 0 1 0 0 1
+3 3 3 0 0 3
-2 3
+2 3 3 0 0 1
-2 3
+2 12 3
+4 3 3
-4 3 0 3 0 0 1 0 0 1
+4 3
-1 6
+4 6 0 0 1 0 0 1
+1 12 6 0 0 3
+2 6
+1 6 3
+17 3 3
-8 3 0 3
+8 3
+2 12 3 6
cfi=(29)
cfn=(126) mempcpy
calls=3 197 
* 39 5 2 0 1 1 0 0 1
* 18 3 3
cfi=(43) ./string/../sysdeps/x86_64/multiarch/../multiarch/memset-vec-unaligned-erms.S
cfn=(130) memset
calls=3 132 
* 52 3 12 1 0 2 0 0 2
-49 3 3
+55 3 3
-55 12
+6 9 0 0 1 0 0 1
+55 2 1 1
cfi=(24)
cfn=(86)
calls=1 42 
* 3 1
+3 2 1 1
+3 9 8

fn=(248)
97 2 0 1 1 0 0 1
+3 1
-3 3 0 2
+3 1
-3 1
+3 1
-3 1 0 1
+3 1
-3 1
+3 1 0 1
cfi=(11)
cfn=(28)
calls=1 387 
* 23 4 1 0 2 0 0 1
* 1 1
+1 4 0 1
cfi=(11)
cfn=(28)
calls=1 387 
* 23 4 1 0 2 0 0 1
+1 1
+2 1 0 0 1 0 0 1
-3 1 1
+1 2
+2 3
+3 1
+2 1 0 1
-26 3
+28 3 0 1 0 0 1
+1 6 5

fn=(250)
216 9 0 6 1 0 0 1
+6 4 1 1
+3 2 1
+36 3 1 0 1 0 0 1
+2 1 1
-2 1
-2 1
-40 1
-1 1
-1 1
+46 2 0 1
+23 9
+3 3
-3 15
+2 6
+6 3
-33 6 3
+20 3 0 3
-20 15 3 0 0 1 0 0 1
+2 6 3 0 1 0 0 1
+3 3 3
-1 3 3 0 1 1 0 1
+5 6 3
-5 3
+1 3
-1 3
+3 6
+2 9
+32 2 1 0 1 0 0 1
-1 1 0 1
+53 1 0 1
-52 5 0 0 1 0 0 1
+2 2 0 1
+51 8 7

fn=(438)
1017 24 0 12 1 0 0 1
+9 3 3 0 0 2
-9 3 0 3
+6 3 3
+4 3
+4 9 3 0 1 2 0 1
+34 6
+3 6 0 3 0 0 1
+1 9 3 3
+3 18 18 0 1 0 0 1

fn=(224) _dl_assign_tls_modid
125 3 0 0 1 0 0 1
+16 3 3
-13 3 3
-3 9 0 3
+3 3
+55 3 0 3 1 0 0 1
-2 3
+5 3 0 3
+1 6 6

fn=(252)
417 7 0 4 2 0 0 2
+2 1 1
+11 1 1
+1 1
fi=(28)
56 1 1 1
cfi=(27)
cfn=(78) __minimal_malloc
calls=1 -20 
* 86 16 13 1
fe=(46)
432 2
+8 3
fi=(28)
44 1
fe=(46)
440 2
+5 1
-5 1
+1 1 0 0 1 0 0 1
+4 304 0 297 0 0 37 0 0 37
+19 1 0 1 0 0 1 0 0 1
-99 1 1
+4 1 0 0 1 0 0 1
+1 1
fi=(28)
44 1 1 1
cfi=(27)
cfn=(74)
calls=1 +36 
* 41 8 7
fe=(46)
371 2
+3 1 0 1 0 0 1 0 0 1
+6 2 0 1
+90 7 5

fn=(146)
192 1 0 0 1 0 0 1
+2 2 1
+1 1 1
+15 2 1

fl=(39) ./elf/./elf/dl-hwcaps_split.c
fn=(120) _dl_hwcaps_split
25 5 0 3 1 0 0 1
+1 3 1
+21 1 1 0 1 0 0 1
-20 1
+20 3 3

fn=(114) _dl_hwcaps_split_masked
51 110 0 66 1 0 1 1 0 1
-25 44 11 0 1 0 0 1
+36 5
-7 5
+7 35 35
-26 24
+5 27 0 9
cfi=(41) ./string/../sysdeps/x86_64/multiarch/../multiarch/strchr-sse2.S
cfn=(118) index
calls=9 -9 
* 216 27 0 3 0 0 3
* 9
+1 18
+3 6
+11 12 6 6
+1 18 0 6
+1 12
-2 6 3 3
+1 9 0 3
+1 6
-28 24 12 12 1 0 0 1
+4 48 12 0 0 1 0 0 1
+1 12 0 6
-1 30 6 0 1 0 0 1
+24 6 6
+9 12
-5 6 0 0 1 0 0 1
-2 6
+2 42 42
-19 6 0 3 1 0 0 1
cfi=(22)
cfn=(62)
calls=3 +14 
* 51 6
* 6

fl=(70) ./io/../sysdeps/unix/sysv/linux/pread64_nocancel.c
fn=(226) __pread64_nocancel
25 4
+1 8
+1 2 2

fl=(77)
fn=(262)
207 88 0 64 1 0 0 1
+1 16 8
+12 7
+4 28 0 7 1 0 0 1
-4 7
+6 21
+3 7 7 0 0 2
-1 7 7
+1 14
+22 35 14 0 2 0 0 2
+4 8
+7 12 4 0 0 2
fi=(6)
81 20 4
+6 8 6 0 1 2 0 1
+4 6 2 0 0 2 0 0 2
+17 2 2
-11 2 0 2
+11 4
+21 4 2
+5 8 2 0 0 1
-2 4 0 2
fi=(4)
-53 2 2
fe=(77)
301 4 2
fi=(4)
79 4
fe=(77)
301 4
fi=(4)
79 5 5 0 1 0 0 1
fe=(77)
301 10 5 0 0 2
fi=(4)
79 10
fe=(77)
301 9890 47 1070 3 13 198 3 6 195
fi=(4)
79 2 2
fe=(77)
301 2 2
fi=(4)
79 4
fe=(77)
301 298 66 44 3 27 1 3
-80 14
fi=(6)
393 14 0 14 1 0 0 1
fe=(77)
190 7
+31 7 0 7
-31 7 0 7
fi=(6)
393 21 0 7
fi=(5)
49 7 7
fe=(77)
301 7 7
fi=(5)
50 7 7
+30 7 7
-31 14 0 0 1 0 0 1
+4 7 7
-3 7
+3 7
-3 7 0 7
+3 21 7 0 0 2
+27 14
-31 7 7 0 0 3
fe=(77)
301 7 7
fi=(5)
50 7 7
+30 7 7
-31 14
+4 7 7
-3 7
+3 7
-3 7 0 7
+3 21 7
+27 14
-7 2
-1 2
+11 16 0 2 1 0 0 1
fi=(6)
514 2224 1112
+4 2224
+3 3336 1112
+1 1112 0 1112 0 0 139 0 0 139
fi=(5)
83 3336
+2 4448 1112 0 1 418 0 1 418
+11 12 2 0 0 1
fe=(77)
301 42 14 0 1 1 0 1
fi=(5)
51 7 7
fi=(4)
+28 35 21 0 0 1
fi=(6)
730 14
+4 8 4 0 1 3 0 1
fe=(77)
304 35 14
+24 7 0 7 0 0 1
+3 14
+17 21 7 0 0 4
+2 64 56 0 0 2
-98 14 7 0 1 7 0 1
+3 6
+7 3 3
-9 3
+9 6 0 0 1 0 0 1
fi=(6)
81 6
fi=(5)
+33 36 0 0 1 0 0 1
+9 24
+1 4 4 0 0 4 0 0 2
fi=(6)
498 4 4
fi=(5)
124 4
fi=(6)
498 8
fi=(5)
124 1016 1016 0 0 127 0 0 127
fi=(6)
498 1016 1016 0 0 127 0 0 127
fi=(5)
124 1016
fi=(6)
498 2032
+5 2040
+1 1020 1020 0 0 127 0 0 127
fi=(5)
123 1020
fi=(6)
504 1020
-5 1020 0 1020 0 0 278 0 0 273
fi=(5)
123 2040
+3 36 12 0 1 7 0 1
+3 40 20 10 0 4 1
+2 36 16 0 1 1 0 1
fe=(77)
+59 12
fi=(5)
73 6 0 6
fe=(77)
190 6 0 6 0 0 1
fi=(5)
72 6
fe=(77)
190 54 0 30 1 0 0 1
fi=(5)
-57 12 12 0 0 4 0 0 2
+1 6 6
+1 6 6
-2 6
+2 6 6 0 0 1
+3 6 0 0 1 0 0 1
-5 6
+2 6 0 6
-2 6 6 0 0 6 0 0 3
+1 12
+2 6
-2 6 0 6
+2 18 6 0 0 2
+2 12
-5 7056 7056 0 0 966 0 0 964
+1 3528 3528
+1 3528 3528
-2 3528
+2 3528 3528
+3 3528
-5 3528
+2 3528 0 3528
-2 3528 3528 0 0 1195 0 0 240
+1 7056
+2 3528
-2 3528 0 3528
+2 10584 3528
+2 7056
+9 3466 0 3466
fi=(6)
267 6932 0 0 1 0 0 1
+7 6932
+4 6932
fe=(77)
170 13864 3466 0 0 1717 0 0 1346
fi=(4)
-30 10347 3449
fe=(77)
+31 6898 0 0 1 0 0 1
+3 6898 3449 0 0 6
+8 3656
-8 16413
+12 3638 3638 0 1 1 0 1
-3 1819 0 1819
+1 1819 0 1819
+2 7294 3656
-3 9 0 9
+1 9 0 9
+2 1864 18
+1 1828
-1 1828
+2 3656
-1 7312 1828 1828 1 64 0 1
+3 10968 3656 5484 0 0 2
cfi=(78)
cfn=(270)
calls=1828 772 
* 1304402 347003 119925 80 6083 60 74 2746 42
+3 1828 1828
+1 3656 1828
-4 1828
+4 9140 3656 1828 1 0 1 1
fi=(6)
+93 13783 3436
+3 3436 3436
-3 10325 3453 0 0 5
+3 3453
-3 3453 3453 0 0 1 0 0 1
+5 6914
+25 20796 3466 0 1 6 0 1 2
423 8352 5568 2784 0 353 884 0 353 359
fi=(5)
150 8352 2784 0 1 0 0 1
fi=(6)
423 1308 654 654 0 0 289 0 0 83
fi=(5)
150 2023 659
-19 14154 3546
+33 24 12 0 1 0 0 1
+1 72 6 6
+1 252 84 0 1 0 0 1
+3 136 68
+4 68 68
-1 68 68
-3 68 68
+2 136 68
+2 68
-2 136 0 68
fe=(77)
-1 272 68 0 1 2 0 1
fi=(6)
287 68 68 0 1 0 0 1
+3 68
-3 68 68
+4 136
476 136 136 0 1 0 0 1
+2 68 0 68
cfi=(15)
cfn=(550) __x86_cpu_features
calls=1 71 
* 6 2 0 1 1 0 1
cob=(3)
cfi=(162)
cfn=(518)
calls=1 26 
* 8 4 0 2 0 0 2
cob=(3)
cfi=(146)
cfn=(514)
calls=1 27 
* 9 4 0 1 0 0 1
cob=(3)
cfi=(161)
cfn=(510)
calls=1 26 
* 9 4 0 2 0 0 2
cob=(3)
cfi=(160)
cfn=(506)
calls=1 27 
* 9 4 0 1 0 0 1
cob=(3)
cfi=(159)
cfn=(502)
calls=1 26 
* 9 4 0 2 0 0 2
cob=(3)
cfi=(156)
cfn=(498)
calls=1 27 
* 8 4 0 1 0 0 1
cob=(3)
cfi=(158)
cfn=(496)
calls=1 49 
* 6 3 0 2 0 0 2
cob=(3)
cfi=(157)
cfn=(492)
calls=1 26 
* 9 4 0 1 0 0 1
cob=(3)
cfi=(156)
cfn=(488)
calls=1 35 
* 8 4 0 2 0 0 2
cob=(3)
cfi=(155)
cfn=(484)
calls=1 27 
* 9 4 0 2 0 0 2
cob=(3)
cfi=(154)
cfn=(480)
calls=1 26 
* 9 4 0 1 0 0 1
cob=(3)
cfi=(153)
cfn=(476)
calls=1 27 
* 9 4 0 2 0 0 2
cob=(3)
cfi=(151)
cfn=(472)
calls=1 27 
* 8 4 0 2 0 0 2
cob=(3)
cfi=(150)
cfn=(468)
calls=1 30 
* 9 4 0 1 0 0 1
cob=(3)
cfi=(149)
cfn=(464)
calls=1 26 
* 9 4 0 2 0 0 2
cob=(3)
cfi=(148)
cfn=(460)
calls=1 27 
* 9 4 0 1 0 0 1
cob=(3)
cfi=(147)
cfn=(456)
calls=1 27 
* 9 4 0 1 0 0 1
cob=(3)
cfi=(146)
cfn=(452)
calls=1 34 
* 9 4 0 2 0 0 2
cob=(3)
cfi=(145)
cfn=(448)
calls=1 27 
* 9 4 0 2 0 0 2
cob=(3)
cfi=(143)
cfn=(444)
calls=1 27 
* 9 4 0 2 0 0 2
cob=(3)
cfi=(141)
cfn=(440)
calls=1 26 
* 9 4 0 1 0 0 1
cob=(2)
cfi=(139)
cfn=(432)
calls=1 31 
* 21 4 0 2 0 0 2
cob=(2)
cfi=(138)
cfn=(428)
calls=1 33 
* 22 4 0 3 0 0 3
cob=(2)
cfi=(137)
cfn=(424)
calls=1 31 
* 18 4 0 2 0 0 2
cob=(2)
cfi=(136)
cfn=(422)
calls=1 29 
* 7 3 0 2 0 0 2
cob=(2)
cfi=(134)
cfn=(418)
calls=1 29 
* 23 4 0 2 0 0 2
cob=(2)
cfi=(133)
cfn=(414)
calls=1 29 
* 22 4 0 4 0 0 4
cob=(2)
cfi=(132)
cfn=(410)
calls=1 33 
* 17 4 0 1 0 0 1
cob=(2)
cfi=(131)
cfn=(406)
calls=1 29 
* 22 4 0 3 0 0 3
cob=(2)
cfi=(129)
cfn=(402)
calls=1 29 
* 24 5 0 2 0 0 2
cob=(2)
cfi=(128)
cfn=(398)
calls=1 29 
* 19 4 0 2 0 0 2
cob=(2)
cfi=(127)
cfn=(394)
calls=1 29 
* 25 5 0 2 0 0 2
cob=(2)
cfi=(100)
cfn=(390)
calls=1 31 
* 18 4 0 1 0 0 1
cob=(2)
cfi=(126)
cfn=(386)
calls=1 31 
* 21 4 0 2 0 0 2
cob=(2)
cfi=(125)
cfn=(382)
calls=1 29 
* 17 4 0 2 0 0 2
cob=(2)
cfi=(123)
cfn=(378)
calls=2 31 
* 20 8 0 2 0 0 2
cob=(2)
cfi=(121)
cfn=(374)
calls=1 29 
* 24 5 0 3 0 0 3
cob=(2)
cfi=(120)
cfn=(370)
calls=1 31 
* 25 5 0 2 0 0 2
cob=(2)
cfi=(119)
cfn=(366)
calls=1 31 
* 21 4 0 3 0 0 3
cob=(2)
cfi=(117)
cfn=(362)
calls=1 29 
* 17 4 0 2 0 0 2
cob=(2)
cfi=(116)
cfn=(360)
calls=1 60 
* 16 4 0 3 0 0 3
cob=(2)
cfi=(115)
cfn=(358)
calls=1 29 
* 7 3 0 1 0 0 1
cob=(2)
cfi=(113)
cfn=(354)
calls=1 31 
* 21 4 0 3 0 0 3
cob=(2)
cfi=(112)
cfn=(352)
calls=1 67 
* 21 4 0 3 0 0 3
cob=(2)
cfi=(110)
cfn=(348)
calls=2 31 
* 46 8 0 3 0 0 3
cob=(2)
cfi=(108)
cfn=(344)
calls=1 31 
* 19 4 0 2 0 0 2
cob=(2)
cfi=(107)
cfn=(340)
calls=1 30 
* 25 5 0 2 0 0 2
cob=(2)
cfi=(106)
cfn=(336)
calls=1 28 
* 25 5 0 1 0 0 1
cob=(2)
cfi=(104)
cfn=(332)
calls=1 29 
* 24 4 0 1 0 0 1
cob=(2)
cfi=(103)
cfn=(330)
calls=1 65 
* 19 4 0 2 0 0 2
cob=(2)
cfi=(100)
cfn=(324)
calls=2 31 
* 50 10 0 3 0 0 3
cob=(2)
cfi=(98)
cfn=(320)
calls=1 29 
* 22 4 0 4 0 0 4
cob=(2)
cfi=(96)
cfn=(316)
calls=1 31 
* 18 4 0 1 0 0 1
cob=(2)
cfi=(95)
cfn=(312)
calls=1 29 
* 25 5 0 2 0 0 2
cob=(2)
cfi=(94)
cfn=(308)
calls=1 29 
* 22 4 0 4 0 0 4
cob=(2)
cfi=(92)
cfn=(304)
calls=1 29 
* 22 4 0 4 0 0 4
cob=(2)
cfi=(91)
cfn=(300)
calls=1 29 
* 19 4 0 3 0 0 3
cob=(2)
cfi=(89)
cfn=(296)
calls=1 29 
* 24 4 0 2 0 0 2
cob=(2)
cfi=(87)
cfn=(292)
calls=1 30 
* 19 4 0 3 0 0 3
cob=(2)
cfi=(86)
cfn=(290)
calls=1 79 
* 19 4 0 3 0 0 3
cob=(2)
cfi=(85)
cfn=(288)
calls=1 29 
* 7 3 0 2 1 0 2
cob=(2)
cfi=(83)
cfn=(284)
calls=2 31 
* 50 10 0 2 1 0 2
cob=(2)
cfi=(81)
cfn=(280)
calls=1 86 
* 28 9 8 4 3 2 4 0 2
fi=(5)
165 68
fi=(6)
479 68 0 68 0 0 3 0 0 1
fi=(5)
165 145 3
-14 180 60 0 2 1 0 2
fi=(6)
460 15 5 0 1 0 0 1
+5 10 10 0 1 1 0 1 1
-1 15 5 5
+1 10
-1 5 0 5
cfi=(29)
cfn=(82)
calls=5 210 
* 175 45 40 3 13 11 3 11 10
+2 25 15
+1 10 0 0 1 0 0 1
-67 51 17 0 1 0 0 1
+2 68 17 0 0 1
+4 17 17
+9 17 17
-9 34 17 0 1 3 0 1 3
+9 17 0 17 0 0 5 0 0 5
fi=(5)
150 34 17
fi=(6)
320 60 0 60
+3 60
+29 6 2
+11 2 2
-9 4 4
+9 2 0 2 0 0 1
fi=(5)
150 4 2
fi=(6)
346 8 0 0 1 0 0 1
+1 12 8 4 0 3 3 0 0 2
fi=(5)
150 8 4
fi=(6)
287 85 17 0 1 0 0 1
fi=(5)
141 68 68
+1 68 0 68 1 0 0 1
-1 204 0 68
+2 68
fi=(6)
287 340 68 0 1 0 0 1
fe=(77)
175 14587 1621 0 2 0 0 2
+3 1621 1621
-1 1621 0 1621
+19 1621 1621 0 1 0 0 1
-18 3242 0 1621
fi=(6)
295 8 0 0 1 0 0 1
+1 12 4
+11 8 0 8 1 0 0 1
+7 4 0 4
cob=(2)
cfi=(133)
cfn=(414)
calls=1 29 
* 22 4
cob=(2)
cfi=(98)
cfn=(320)
calls=1 29 
* 22 4
cob=(2)
cfi=(89)
cfn=(296)
calls=1 29 
* 24 4
cob=(2)
cfi=(127)
cfn=(394)
calls=1 29 
* 25 5 0 0 3
* 16 8 0 1 0 0 1
fe=(77)
-13 6 0 4 1 0 0 1
+55 35 21 0 1 2 0 1
+3 7
-3 7
+3 7
+4 14 0 0 1 0 0 1
+1 28 0 7
cfi=(140)
cfn=(436) mprotect
calls=7 117 
* 42 7 0 2 0 0 2
* 14
-63 9 0 3 1 0 0 1
fi=(5)
180 7 3 0 1 0 0 1
fe=(77)
+10 2
fi=(5)
73 1 0 1 1 0 0 1
fe=(77)
190 3 0 2
fi=(6)
436 7 0 4
fi=(5)
182 2 2 0 1 0 0 1
+1 2 2
-1 1
+3 1
-3 4 0 1
+3 2
-3 10 10 0 0 2 0 0 2
+1 10 10
-1 5
+3 5
-3 20 0 5
+3 10
+8 6 0 6
fi=(6)
+74 12 0 0 1 0 0 1
+7 12
+4 12
fe=(77)
170 24 6 0 0 3 0 0 2
fi=(4)
-30 18 6
fe=(77)
+31 12
+3 12 6 0 1 1 0 1
+8 12
-8 54
+12 12 12 0 1 0 0 1
-3 6 0 6
+1 6 0 6
+2 36 12 6
+4 24 6 6
-4 6
+4 18 6 12 1 0 1 1
cfi=(78)
cfn=(270)
calls=6 772 
* 3726 1110 371 0 74 9 0 9
+3 6 6
+1 12 6
-4 6
+4 30 12 6
fi=(6)
+93 21 3
+3 3 3 0 1 0 0 1
-3 9 3
+3 3
-3 3 3
+5 6
+25 36 6 0 0 1 0 0 1
423 6 0 6 1 0 2 1 0 2
fi=(5)
196 18 6
-16 24 6
+31 7 4 0 1 0 0 1
fe=(77)
-33 1619 0 0 1 0 0 1
-3 4857

fl=(236)
fn=(1570)
26 5 0 3 1 0 0 1
+17 1
-17 6 0 4
+20 13 1 0 1 1 0 1
+3 2 1 1 0 1
cob=(2)
cfi=(237)
cfn=(1572)
calls=1 +28 
* 44 12 6 7 0 0 7
+2 1 1 0 1 1 0 1
+3 2
+2 5 2
+7 3 0 1
-2 1 0 1
+2 1 0 1
cfi=(48)
cfn=(570)
calls=1 -22 
* 11 3 0 2
+5 15 1 0 1 0 0 1
+5 1 1
-5 1 0 0 1 0 0 1
+5 3
+2 14 7 0 0 2
+2 14
+2 14 0 7
+1 7 0 7 0 0 5
+1 7
+4 7 0 7 1 0 2 1
-12 21 7 0 0 1
+14 6
+1 4
+6 6 0 2 1 0 0 1
cfi=(13)
cfn=(232)
calls=1 298 
* 556 156 86 18 9
+9 2 1 1
cob=(2)
cfi=(238)
cfn=(1574)
calls=1 367 
* 34 8 5 4 0 0 4
+5 6 1
+2 1 1
+2 2 1
-2 6 6
+2 12 6
+2 28 0 21 1 0 0 1
cfi=(239) ./elf/./elf/dl-call_fini.c
cfn=(1576) _dl_call_fini
calls=7 -90 
* 7640 2559 1216 75 142 8 57 15 1
+3 14 0 7
cfi=(48)
cfn=(1602)
calls=7 -20 
* 35 14 0 1 0 0 1
-9 14 14 0 1 0 0 1
+14 7 0 7
-14 21
+18 3 0 1
cfi=(48)
cfn=(570)
calls=1 -85 
* 11 3 0 0 1
* 2 1
+6 4 2 1
+2 1
-2 2
+6 2 1
+7 8 7
-77 2 0 1 1 0 0 1

fl=(41)
fn=(118)
32 28 0 0 1 0 0 1
+1 28
+1 28
+1 28
+1 28 0 0 1 0 0 1
+1 28
+1 28
+1 28
+1 28
+1 28 28 0 0 5 0 0 5
+1 28
+1 28
+1 28
+1 28
+1 28
+1 28
+1 28
+1 28
+1 23
+4 23
+1 23 0 0 1 0 0 1
+1 23 23
+1 23
+2 23 23
+4 5 5 0 0 1 0 0 1
+1 5
+1 5
+1 5
+1 5
+1 5
+1 5 5 0 0 1 0 0 1
+1 5
+1 5
+1 5
+1 5
+1 5 0 0 1 0 0 1
+1 5
+1 5 5
+1 5
+1 5
+1 5
+1 5
+1 5
+1 5
+1 5
+1 5
+1 5
+1 5
+52 5 0 0 1 0 0 1
+4 5
+1 5
+1 5 5
+1 5
+2 5 5

fl=(27)
fn=(74)
80 17 0 0 1 0 0 1
+4 17
-4 68
+7 17
+1 51
fi=(28)
-32 17 17
cfi=(27)
cfn=(78)
calls=17 -20 
* 672 144 139 11 3 4 11 1 4
fe=(27)

fn=(78)
36 336 0 168 2 0 1 2 0 1
+1 126 42 0 0 4 0 0 1
+11 123 41
+3 41
-3 41 0 41
+3 82
-3 2
+3 1
-3 1 0 1
+3 158
+19 42 0 42 1 0 0 1
+1 42 0 42
+2 252 210
-17 12 3
+1 6
+2 3 0 0 1 0 0 1
+1 21 0 3 0 0 2 0 0 2
cfi=(57) ./misc/../sysdeps/unix/sysv/linux/mmap64.c
cfn=(182) mmap
calls=3 -13 
* 78 12 9 2 0 0 2
* 3
+2 6
+2 12 0 3
cfi=(58) ./misc/../sysdeps/unix/sysv/linux/setvmaname.c
cfn=(184) __set_vma_name
calls=3 -31 
* 61 15 7 3 0 1 3 0 1
+1 9 3
+2 2
+4 2
-4 4 0 2
-24 1 1 0 1 0 0 1
-1 1
+1 1
+1 2
-2 2 0 1 1 0 0 1
+28 1 1 0 1
-3 2 0 1
+4 2

fn=(142)
97 3 0 0 2 0 0 1
+2 12 6

fl=(30)
fn=(176) _dl_map_object_from_fd
944 50 0 30 1 0 0 1
+15 5 5
-15 10 0 10 1 0 2 1 0 2
+15 5
-15 10 0 10
+15 10 0 5
+77 20 5 5 1 0 0 1
+10 10 5
+7 35 25 5
cfi=(26)
cfn=(72)
calls=5 59 
* 1914 396 291 14 5 40 13 5 40
* 5 0 0 1 0 0 1
+1 10
+11 5 5
+5 5 5
-4 5 5
-1 5 0 5 0 0 4 0 0 4
+2 5 5
+2 5
-2 5 0 5
+2 10
+1 15 5 0 1 0 0 1
+1 8 0 4
+19 8 4
-2 4 0 4
+2 42 1 0 1 0 0 1
-2 1 0 1
+2 55 0 10 1 0 0 1
+10 5 5
-10 5
+10 15
+27 5 5
-33 5
-3 5
+2 5 0 5
-1 5 0 5
+35 5
+9 5 0 0 1 0 0 1
-50 5 0 5
+41 5 0 5
+9 5
-36 5 5
+63 25 0 20
-62 200 0 0 1 0 0 1
+26 140 60 0 0 2 0 0 2
+8 40 20 0 1 0 0 1
+1 20
-1 20
+1 80
+1 20 20
-1 20 0 20 0 0 3 0 0 3
+1 20
+2 20 20 0 0 1 0 0 1
-2 20
+2 20 0 20 0 0 4 0 0 4
+2 20 20 0 0 2 0 0 1
-4 20
+1 20 0 20
+3 20
-4 20 0 20 1 0 0 1
+4 100
+2 40 0 20 0 0 4 0 0 4
+13 40
+1 75 30 15
+5 15
+1 135 30 15
-28 30
-35 45
+62 5
+1 45 10 5
-28 10
-35 120
+1 307 60 0 2 11 0 2 11
1213 5 5 0 0 1 0 0 1
1100 5
1213 10 5 5 0 0 1 0 0 1
1100 15
1218 35 25 0 1 0 0 1
+10 15
+1 5
-1 5
+1 5 0 5
-1 15 0 0 1 0 0 1
+1 15
-1 15
+1 15 0 15
-1 45
1066 10 0 5
1235 10
+10 20 10
+7 20 10 0 1 0 0 1
fi=(59) ./elf/./dl-map-segments.h
28 5 5
fe=(30)
1252 15 5 5
fi=(59)
28 10
+1 40 15 10 1 0 0 1
cfi=(57)
cfn=(182)
calls=5 +18 
* 140 25 15 0 0 1 0 0 1
+73 10 5
-1 5 0 5
-72 5
+73 5
+3 10 5
+1 5
+2 5 5 0 1 0 0 1
-3 5 0 5
+1 5 0 5
+2 5
+17 5 0 5 1 0 0 1
-44 5 5
fi=(60) ./elf/./dl-load.h
+10 40 20
fi=(59)
+58 80 40
+6 5 5 0 1 0 0 1
+2 5 5
-2 5
+1 5
+2 10
-1 10
+3 10
+5 10
+3 15 5
+8 30 0 10
cfi=(43)
cfn=(130)
calls=5 -44 
* 763 5 400 1 0 101 1 0 101
* 5 5
+6 10
+12 20 0 0 1 0 0 1
-59 120 20 0 1 0 0 1
+2 60 30
+2 120 60 15
cfi=(57)
cfn=(182)
calls=15 -92 
* 315 60 45
* 30
fe=(30)
1264 5 0 0 1 0 0 1
fi=(56) ./elf/../sysdeps/posix/dl-fileid.h
37 10 0 5 0 0 1 0 0 1
cfi=(55) ./io/../sysdeps/unix/sysv/linux/fstat64.c
cfn=(178) fstat
calls=5 -7 
* 30 5 0 2 0 0 2
* 10
fe=(30)
989 10 5 0 1 0 0 1
fi=(56)
40 15 15
fe=(30)
989 5
fi=(56)
40 5 0 5
fe=(30)
989 80 25
+1 40 20 0 1 0 0 1
fi=(56)
49 60 30 0 0 1 0 0 1
fe=(30)
1519 45 35 0 1 0 0 1
1074 13 0 0 1 0 0 1
+1 2 1
-1 1
+1 1
-1 1 0 1
+1 1 0 1 0 0 1 0 0 1
cfi=(70)
cfn=(226)
calls=1 25 
* 7 1
* 2
+46 2 1 1 0 1 0 0 1
+1 1
-15 10 5 0 1 2 0 1 2
+7 5 5
+2 5 5 0 1 0 0 1
-2 5 0 5
+1 5 5
+1 5
-1 10 0 5
+1 40 5 5
+60 9 3 0 1 0 0 1
+5 3 3 0 0 1 0 0 1
-1 6
+5 3
-5 6 0 3 0 0 3 0 0 3
-66 3 3
+71 12 0 3 0 0 1 0 0 1
+1 3 3 0 1 0 0 1
+3 3 0 3 0 0 2 0 0 2
-3 3 0 3
+8 12 3
+15 10 5 5 1 0 0 1
+1 5
1008 10 5 0 1 0 0 1
1268 20 10 0 1 0 0 1
+1 15 5 5
fi=(61) ./elf/./elf/get-dynamic-info.h
39 10
+6 5 5 0 0 5 0 0 5
-2 5
+11 5 0 0 1 0 0 1
+1 5
-10 10
+8 6
+15 6 0 6 0 0 2 0 0 2
-23 24 6 0 0 1 0 0 1
+23 132 0 132 0 0 31 0 0 31
-23 528 132 0 0 33 0 0 33
+4 276
+3 37
-1 74 0 0 1 0 0 1
+3 124
+1 104
+1 25 0 0 1 0 0 1
+16 20 5
+12 17 5 2 1 0 0 1
+1 20 5 5
+1 20 5 5
+1 20 5 5
+1 17 5 2 0 3 0 0 3
+1 19 5 4 1 1 0 1 1
+1 19 5 4 0 1 0 0 1
+1 20 5 5
+12 5 5
+7 5 5
-7 35 5 5 1 0 0 1
+7 11
+5 8 4
+7 8 4
+1 15 10 0 1 0 0 1
+6 15 5
+1 6 4
+17 15 5
+5 4 2 2 0 0 1 0 0 1
+2 4
+2 4
+2 4
+4 15 5 0 1 0 0 1
+2 9 3 3 1 0 0 1
+1 6
+9 6 3
+6 6
+4 10 5
fe=(30)
1275 10
+1 10 0 0 1 0 0 1
+2 10
+10 15 5
+19 15 5 5
+2 30 10 0 1 0 0 1
+52 15 5 0 0 2 0 0 2
+1 6 3 3
+6 45 10 0 1 0 0 1
+1 100
+6 20 0 5
cfn=(88)
calls=5 868 
* 372 73 14 1 7 0 0 7
-7 125 5
+1 60 60 0 1 50 0 1 50
+6 60
-6 120
fi=(31)
149 20 10
fe=(30)
1380 10 5 5 1 0 0 1
cfi=(62)
cfn=(194)
calls=5 25 
* 30 5 0 1 0 0 1
* 10
+13 10 5 0 1 0 0 1
+2 20 10 5
+2 10 5
+16 10 0 5
cfi=(8)
cfn=(14)
calls=5 25 
* 135 40 30 0 4 0 0 4
+4 10 5
+1 10 5 0 1 0 0 1
+17 10 5
+1 1 0 1
+3 1 1
+5 1 1
-5 1 0 1
+5 1
-5 4 4
+5 4 4
-5 4 0 4
+5 4
+5 10 5
+12 40 15 0 1 0 0 1
+10 10 5
+1 12 3
+5 6 0 3
cfi=(46)
cfn=(224)
calls=3 125 
* 36 12 9 2 0 0 2
+7 15 5 5 1 0 0 1
cfi=(26)
cfn=(84)
calls=5 31 
* 295 70 50
+3 10 5
+4 10 5 5
cfi=(45)
cfn=(196)
calls=5 38 
* 35 10 0 1 0 0 1
* 5
+1 15 5
+22 35 15 0 1 0 0 1
+1 15 5 5 1 0 0 1
cfi=(48)
cfn=(198)
calls=5 77 
* 25 10 0 1 0 0 1
* 5
fi=(60)
92 16 8 0 1 0 0 1
+2 4 4
-1 4 4
+1 4
-1 4
+1 4
-1 4 0 0 1 0 0 1
+1 4
-1 8
+3 16 0 4
fi=(61)
-37 20 0 0 1 0 0 1
+3 20
+2 20
181 6 2 2
-22 4 0 2
fe=(30)
1510 10 0 0 1 0 0 1
1074 2 0 1 1 0 0 1
fi=(59)
186 16 2 2 2 0 0 2
cfi=(57)
cfn=(182)
calls=2 47 
* 42 8 6
+3 4
fe=(30)
1462 12 4 0 1 0 0 1
+2 3 3
-1 15 9
+1 3
-1 3
+1 3
-1 3 0 3
cfi=(32)
cfn=(94)
calls=3 98 
* 75 21 0 0 4 0 0 4
* 6
+2 5 1 1
1275 4 2 0 1 0 0 1

fn=(106)
706 11 0 7 2 0 0 2
+14 1
-14 2 0 1
+14 2 0 1
cfi=(37) ./elf/./elf/dl-hwcaps.c
cfn=(108) _dl_important_hwcaps
calls=1 172 
* 1244 255 222 34 1 7 34 1 7
fi=(28)
56 1
fe=(30)
720 1 0 1 0 0 1 0 0 1
fi=(28)
56 1 1 1
cfi=(27)
cfn=(78)
calls=1 -20 
* 30 7 7
fe=(30)
725 1 0 1
+2 3 0 0 1 0 0 1
+8 2 1
-1 3
+5 3
fi=(28)
56 1 1 1
cfi=(27)
cfn=(78)
calls=1 -20 
* 30 7 7
fe=(30)
739 1 0 1 0 0 1 0 0 1
+2 4 2 0 1 0 0 1
+7 1 0 1
+8 1
+2 1
+12 2
-23 1 0 1
+9 1 0 1 1 0 0 1
+11 1 1
-4 1
-5 1 0 1
+3 2 0 1 0 0 1 0 0 1
+7 2 0 1
+2 2
-11 1 0 1
+11 3 0 1 1 0 0 1
-8 1 0 1
+4 1
+1 3 0 1
+1 16 4 4
cfi=(43)
cfn=(130)
calls=4 132 
* 56 4 8 3 0 1 3 0 1
+2 15 3
-14 3
+10 3
+4 9 3 3 1 0 0 1
-12 3
-2 3 0 3
+2 3 0 3 0 0 2 0 0 2
+4 3 3 0 0 1 0 0 1
-3 3 0 3
+3 3 0 3 0 0 1 0 0 1
+1 3
-2 3 0 3
+5 9 3 0 0 1 0 0 1
+1 6 0 0 1 0 0 1
+3 1 0 1
+15 1
-8 1 0 1
+5 1 1
-6 1 0 1
+9 2
+2 4 1 0 1 0 0 1
+2 3 1
+36 5 2 0 1 0 0 1
+2 2 0 1 1 0 0 1
cfi=(22)
cfn=(62)
calls=1 57 
* 17 2
* 9
-19 1 1 0 1 0 0 1
-2 1 0 1
+2 2
+19 9 1 1 2 0 0 2
cfi=(29)
cfn=(82)
calls=1 210 
* 11 3 2
* 1
+5 4 1
-1 2
+2 1
+1 2
-2 4 1 0 1 0 0 1
+1 13
+1 26
-2 52 13
+5 1
fi=(28)
56 1 1 1
cfi=(27)
cfn=(78)
calls=1 -20 
* 30 7 7
fe=(30)
836 1 0 1
fi=(28)
56 1
fe=(30)
838 2
+6 6 1 1
cfn=(132) fillin_rpath.isra.0
calls=1 468 
* 581 152 65 19 1 2 19 1 2
+3 3 2
+6 1 0 1
+4 8 7
-35 2 0 1 1 0 0 1
+5 2 0 1 1 0 0 1

fn=(88)
868 6 0 0 1 0 0 1
+8 6 6
-8 12
+8 6
-6 6 6
+12 12
-13 6 6
+13 6
-13 6 6
+13 12
+3 18 6 0 1 5 0 1 5
+1 12 6 0 0 1 0 0 1
+1 12 6
+3 18 6
+1 18 0 0 1 0 0 1
+4 6
+1 12
+22 6
+2 6
-2 12
+2 18
-20 18 9 0 1 0 0 1
+1 9 9
+3 18
+3 9
+1 36
fi=(31)
95 36 0 0 2 0 0 1
+7 18
+16 9 9 0 0 2 0 0 2
-3 18
254 12
+1 6 0 6
+2 24 6 6
+3 6
-8 6 0 0 1 0 0 1
+5 3 3
-4 3 0 3
+4 9 0 3
+3 3 3
-2 3 3
fe=(30)

fn=(204) _dl_dst_count
238 24 0 12 1 0 0 1
+3 12
-3 60 0 48 0 0 1 0 0 1
+7 12
-7 24 0 12
+3 12 0 12
cfi=(41)
cfn=(118)
calls=12 32 
* 384 48 0 0 7 0 0 7
+3 24
+20 108 84 0 1 0 0 1

fn=(166)
1967 156 0 117 2 0 5 2 0 5
+8 26
+1 52 13 0 0 1 0 0 1
+3 272 56 26 1 0 0 1
+5 357 102 0 1 0 0 1
+2 153 0 51 0 0 2 0 0 2
cfi=(52)
cfn=(168)
calls=51 68 
* 5215 1193 268 21 1 2 21 1 2
* 102
+4 86 43
+1 129 43
+4 22 22 0 1 0 0 1
-1 110 66
+1 22
+1 22
-1 22
+1 44 0 22
cfi=(32)
cfn=(94)
calls=22 98 
* 611 150 0 2 0 0 2
* 44
2270 122 96 0 1 0 0 1
2011 15 5 5
-1 10 5
+9 5 5 0 1 0 0 1
-50 5 0 5
+50 10
+17 10
-2 5 0 5
+2 5 0 5
cfi=(41)
cfn=(118)
calls=5 32 
* 120 15
* 10
2202 2 0 0 1 0 0 1
-1 3 0 1
cfn=(136) expand_dynamic_string_token
calls=1 385 
* 175 33 23 4 0 1 4 0 1
+6 1
-7 1 0 1
+1 1
+2 2
+4 7 0 2 1 0 0 1
cfn=(170) open_verify.constprop.0
calls=1 1572 
* 106 22 15 9 1 2 9 1 2
+3 2 1
-3 1
+3 1
+12 4 1
+45 1 1
+1 5 1 0 1 0 0 1
-1 1 0 1
+1 8 2 5
cfn=(176)
calls=1 944 
* 1940 410 216 72 31 28 70 31 28
-1 4 4
+1 20 4
-1 4 0 4
+1 32 8 20
cfn=(176)
calls=4 944 
* 8862 1696 1300 14 107 174 14 106 174
* 15
2040 8 0 4 1 0 0 1
cfi=(22)
cfn=(62)
calls=4 57 
* 68 8
* 8 0 4 1 0 0 1
+2 8 4
+7 16 4
+51 52 8 16 1 0 0 1
cfn=(208) open_path
calls=4 1812 
* 1312 318 233 19 0 10 18 0 10
+6 4
-6 4
+6 8 0 0 1 0 0 1
2222 16 4
+46 8 4
682 4 4 0 1 0 0 1
2107 4
682 8 0 0 1 0 0 1
+3 2
2135 8 0 4 1 0 0 1
cfi=(67)
cfn=(214)
calls=4 403 
* 5349 882 239 27 60 4 27 59 4
* 4
+2 8
+4 8
+31 4
-23 8 4
+23 28 0 8 1 0 0 1
cfn=(170)
calls=4 1572 
* 461 92 62 5 1 1 5 1 1
+4 8 4
-4 4
+4 4
+1 4 0 4
+17 8 4
2074 20 8 0 2 0 0 2
682 4 4
2075 4
682 12
2099 8 4 0 1 0 0 1
+1 8
-47 4 4 0 1 0 0 1
+1 4 0 4
696 20 0 12 1 0 0 1
2058 15 5 0 1 0 0 1
682 5 5 0 1 0 0 1
2059 5
682 10
+3 2
+3 3 1
+3 1 0 1
+1 1
2073 20 16 0 2 0 0 2
+1 8
688 3 1 0 1 0 0 1
2115 3 0 3 1 0 0 1
+14 6 3
+2 12 4
-47 8 0 0 1 0 0 1
691 1 0 1
2115 1 0 1
+14 2 1 0 1 0 0 1

fn=(170)
1572 110 0 66 1 0 1 1 0 1
+32 11 11
-32 22 0 22
+32 22
+19 44 0 11
cfi=(53) ./io/../sysdeps/unix/sysv/linux/open64_nocancel.c
cfn=(172) __open_nocancel
calls=11 28 
* 238 22 28 2 0 3 2 0 3
* 11
+2 22 0 0 1 0 0 1
+8 5 0 5
+1 10
+5 5
-5 5 0 5 0 0 2 0 0 2
+5 25 0 5
cfi=(54) ./io/../sysdeps/unix/sysv/linux/read_nocancel.c
cfn=(174) __read_nocancel
calls=5 25 
* 30 5 0 1 0 0 1
+2 10 0 0 1 0 0 1
+2 10 5 5
+2 10
+6 10
+17 65 20 0 2 0 0 2
+81 10 5
+5 10 5 0 1 0 0 1
+6 20 5
+6 10 5 0 0 1 0 0 1
+6 5 5 0 0 1 0 0 1
+1 5 5
-1 15
+1 15 0 0 1 0 0 1
+26 99 77
-22 13 0 0 1 0 0 1
+1 2
-1 1 0 0 1 0 0 1
+1 1 0 1
cfi=(70)
cfn=(226)
calls=1 25 
* 7 1
* 2
1668 9 3 0 2 0 0 2
-59 12 0 0 1 0 0 1
1777 2 0 1 1 0 0 1

fn=(136)
385 18 0 12 1 0 0 1
241 4
385 2
241 2 0 2
cfi=(41)
cfn=(118)
calls=2 32 
* 72 9 0 2 0 0 2
+3 4
410 2
-11 2
+11 12 12 0 1 0 0 1
-11 2
cfi=(44)
cfn=(138)
calls=2 40 
* 180 37 30 4 0 2 4 0 2

fn=(132)
468 9 0 6 2 0 0 2
+4 1
-4 8 0 6
+6 3 2 1
cfi=(7)
cfn=(134) strsep
calls=1 239 
* 240 74 1 2 1 0 2 1
* 3 2 1
cfi=(7)
cfn=(134)
calls=1 239 
* 8 3
* 6 0 0 1 0 0 1
+7 2 1
+2 3 1 1
cfn=(136)
calls=1 -98 
* 125 25 21 4 0 1 4 0 1
* 1
+4 2
+5 2 0 1
cfi=(22)
cfn=(62)
calls=1 57 
* 17 2
* 1
+1 2
+7 5 1 0 1 0 0 1
+9 15 5
+1 8 4 0 1 0 0 1
fi=(28)
50 2 2 1 1 0 0 1
cfi=(27)
cfn=(142)
calls=1 +47 
* 5 2 0 1 0 0 1
+1 1
fe=(30)
528 4 1 1 1 0 0 1
+4 4 2
fi=(28)
56 1 1 1
cfi=(27)
cfn=(78)
calls=1 -20 
* 30 7 7
* 1
fe=(30)
534 2 0 0 1 0 0 1
+5 1 1
+1 2
-1 1
-1 1 0 1
+2 1 0 1
cfi=(29)
cfn=(126)
calls=1 197 
* 13 3 2 0 0 1 0 0 1
+3 1 1
-3 1 0 1
+1 1 0 1
+2 1
+6 1
+1 1 1 0 1 0 0 1
-1 3 1
+1 5
+1 1 0 0 1 0 0 1
-1 1
+1 1 0 1
-1 3
+1 1 0 1
-1 2
+1 1 0 1
+2 2 1 1
+1 3 1 0 1 0 0 1
+1 1 0 1
+6 2 1 1
+1 1 0 1
+3 3 0 1
-60 2 0 1 1 0 0 1
-22 2 0 1
+88 1 0 1
+3 8 7
-24 2

fn=(208)
1812 32 0 24 1 0 1 1 0 1
+1 4 4
-1 12 0 12 1 0 1 1 0 1
+1 4 0 4 0 0 1 0 0 1
+6 8
+5 68 8 0 1 0 0 1
+67 8 4 0 1 0 0 1
-74 4 0 4
+7 12 0 8
+57 4
-65 4 0 4
+65 4 0 4
+10 8 0 8 1 0 0 1
-64 8 8
+8 24 4 4
+7 8 8
-11 4
+12 4
-1 16 4 8 1 0 1 1 0 1
cfi=(29)
cfn=(126)
calls=4 197 
* 52 12 8 1
+1 40 8 8
+50 6
-2 12 0 3
-48 44 16 0 1 0 0 1
+3 24 12
+5 42 24 6 1 0 0 1
cfi=(29)
cfn=(126)
calls=6 197 
* 78 10 4
* 24 12 6
cfi=(29)
cfn=(126)
calls=6 197 
* 78 18 12
+3 12
+6 18 6
+3 42 18 6 1 0 0 1
cfn=(170)
calls=6 1572 
* 336 60 72 2 0 3 2 0 3
* 6
+2 18 6
+2 6
+93 36 28 0 1 0 0 1
-88 6 0 0 1 0 0 1
+1 21 9
+6 3 3 0 1 0 0 1
+2 6 3
-2 6 0 3
+2 3 0 3
cfi=(65)
cfn=(210)
calls=3 28 
* 46 3 2 1 0 0 1
* 3
+3 3
-3 6
+1 2 1
+9 8 1 2
+2 1
-2 2 0 2 1 0 0 1
+2 6 4
+44 32 8 4 1 0 2 1 0 2
+6 8 4 4
-2 4 0 4
+2 8 4
+3 12 8
1822 8
+2 8 0 4 1 0 1 1 0 1

fl=(57)
fn=(182)
47 26 0 0 1 0 0 1
+3 52
-3 156 0 78 0 0 1 0 0 1
+6 52
+5 156
+2 104 104
-7 55 5 0 1 0 0 1

fl=(163)
fn=(534) _dlfo_process_initial
474 2 0 2
+3 2
-3 6 0 2
+1 2 2
+3 4 2 0 1 0 0 1
+26 14 2 0 0 1
+1 6 2
+1 14 14 0 0 1
-1 28
+3 52 12 0 1 2 0 1
+3 48 12
-7 10 2 0 1 0 0 1
+27 2
-2 2 0 2
+2 6 6
-18 36 12 0 1 1 0 1 1
+3 12
-1 12 0 6
cfi=(164) ./elf/./dl-find_object.h
cfn=(532) _dl_find_object_from_map
calls=6 95 
* 373 101 24 0 61 4 0 8 4
+2 24

fn=(536) _dlfo_sort_mappings
536 1 0 0 1 0 0 1
+1 2
+3 4 0 0 1 0 0 1
+4 1
+1 1
-1 1 1
+1 2
-1 4
+1 4
-1 4 4
+1 18
+1 75 15
+3 5
-1 5
-3 45 0 0 1 0 0 1
+8 15 5
+1 10 5
-1 5 5
-13 10 5
+14 15 5 10
+1 10 0 10
-15 10
+17 1 1

fn=(530)
561 2 0 1 1 0 0 1
+3 1 1 0 0 1
-3 3 0 2
+5 2 1
+13 1 0 1 1 0 0 1
cfn=(534)
calls=1 474 
* 129 33 3 4 5 0 4 1
+1 1 1
-1 1
+1 1
fi=(28)
56 1 1 1
cfi=(27)
cfn=(78)
calls=1 -20 
* 30 7 7 0 1
fe=(163)
580 1 0 1
fi=(28)
56 1
fe=(163)
582 2
+3 2
+5 1 0 1 1 0 0 1
+1 1 0 1
cfn=(534)
calls=1 474 
* 526 134 33 0 61 4 0 8 4
+3 3 1
+10 4 4
-37 2 0 1 1 0 0 1
cfi=(164)
cfn=(532)
calls=1 95 
* 68 18 4 3 11 1 3
* 1
+29 2 0 1 1 0 0 1
cfn=(536)
calls=1 -60 
* 248 46 20 3 0 0 3
+3 6 3 1 1 0 0 1
+2 1

fl=(55)
fn=(178)
30 6 0 0 1 0 0 1
+9 24 0 0 1 0 0 1
+33 6 6

fl=(53)
fn=(172)
28 24 0 12 1 0 0 1
+3 12
-3 24 0 12 0 0 3 0 0 3
+3 72
+8 84
+2 12 12
-2 18 0 6 1 0 0 1
+2 12 12

fl=(51) ./setjmp/../sysdeps/x86_64/setjmp.S
fn=(162) __sigsetjmp
31 13 0 0 1 0 0 1
+2 13 0 13
+9 13
+1 26 13
+1 13 0 13
+4 13 0 13 0 0 1 0 0 1
+1 13 0 13
+1 13 0 13
+1 13 0 13
+1 13
+2 26 13
+2 13 0 13
+1 13 13 0 1 0 0 1
+1 13
+2 26 13
+2 13 0 13
+8 13
+3 13
+1 13 0 13 0 0 1 0 0 1
+7 13
+1 13 13

fl=(15)
fn=(550)
71 1 0 0 1 0 0 1
-32 3 1 0 0 1
+32 2 1

fn=(34)
37 1 0 0 1 0 0 1
+2 3 1
+2 1
cfi=(16)
cfn=(36)
calls=1 682 
* 7344 808 485 103 19 9 103 19 9

fl=(42) ./string/../sysdeps/x86_64/multiarch/../multiarch/memcmp-sse2.S
fn=(122) bcmp
59 1 0 0 1 0 0 1
+12 1
+1 1
+22 1
+1 1
+45 1 1 0 1 0 0 1
+1 1 1
+2 1
+1 1
+2 1 1
+1 1 1
+2 1
+1 1
+47 1
+1 1
+1 1
+1 1
+1 1
+1 1 1

fl=(1) ???
fn=(0) 0x000000000001f540
0 2 0 1 1 0 1 1 0 1
cfi=(2)
cfn=(2)
calls=1 517 
0 1794377 470178 161843 1078 12153 2374 1065 7014 1583
0 8 1 1 1
cfi=(76)
cfn=(580)
calls=1 331 
0 4 1 0 1 0 0 1
0 10 2 1 1 0 0 1
cfi=(177)
cfn=(584)
calls=1 81 
0 93225 27512 13493 642 787 235 612 163 174
0 3 0 0 1
cob=(8)
cfi=(211)
cfn=(1306) (below main)
calls=1 0 
0 51349 12453 7106 504 387 117 447 53 13

fl=(164)
fn=(532)
95 14 7 7 1 4 2 1 0 1
+1 14 7 7 1 0 0 1
+1 7 0 7 0 0 3 0 0 3
+6 35 14 0 0 6
+1 203
+1 140 70 0 1 59 0 1 8
+2 21 14 7 0 3
+5 7 7

fl=(54)
fn=(174)
25 5 0 0 1 0 0 1
+1 20
+1 5 5

fl=(168) ./elf/./elf/dl-lookup-direct.c
fn=(548) _dl_lookup_direct
74 30 0 18 1 0 0 1
+2 3 3
-2 6 0 6 1 0 0 1
+4 3 3
-4 3 0 3
+2 3
+2 9
+37 3
-37 9 6 0 0 2
+1 6
+2 12 3 3 1 0 0 1
+3 25 5 0 0 2 0 0 1
+2 6 3
-54 3
+54 3
-54 3 3
+54 3
-54 9 6
+1 9 0 0 1 0 0 1
+2 6 3 0 0 3 0 0 3
+1 6 3
+12 9 3 3
+3 3 3
+2 6 3 3
-2 3 3
+2 9 3 3 1 0 0 1
cfi=(32)
cfn=(94)
calls=3 +45 
* 209 28 0 0 7 0 0 7
* 6
+4 6 6
+1 3 3
-1 3 3 0 0 2
+1 18 6 0 0 1
+1 9 6 3
cfi=(32)
cfn=(94)
calls=3 +39 
* 198 27 0 0 2 0 0 1
* 6
+57 27 21
-23 6 0 0 2 0 0 2

fl=(58)
fn=(184)
33 3 0 0 1 0 0 1
+2 11 5
-2 4 0 2
+7 1
-7 2 0 1
+7 1
-7 2 0 1
+7 1
-7 1 0 0 1 0 0 1
+7 1 0 1 0 0 1 0 0 1
cfi=(11)
cfn=(28)
calls=1 387 
* 24 4 1
* 3 1
+7 1 0 1 1 0 0 1
+2 6 5

fl=(140)
fn=(436)
117 35 0 0 2 0 0 2
+5 7 7

fn=(574)
117 5
+5 1 1

fl=(44)
fn=(138)
40 36 0 18 1 0 0 1
+1 6 0 6
cfi=(22)
cfn=(62)
calls=6 +16 
* 192 27 0 2 0 0 2
* 6
fi=(258) ./string/../include/rtld-malloc.h
+15 12 6 6
cfi=(27)
cfn=(78)
calls=6 -20 
* 180 42 42
fe=(44)
-12 12 0 0 1 0 0 1
+3 18
+1 18 18
-1 6
cfi=(29)
cfn=(82)
calls=6 210 
* 90 24 18 0 0 5 0 0 5

fl=(66)
fn=(212)
146 6
-55 6
+70 7
+1 1 1
-2 4 0 2 1 0 0 1
+1 4 2

fl=(49)
fn=(156)
32 6 0 2 1 0 0 1
+1 3 1 0 0 1 0 0 1
+1 2 1
+5 6 0 4 0 0 2 0 0 2
+1 4 0 4 1 0 1 1 0 1
+1 4 0 4 0 0 1 0 0 1
+1 4 0 4
+2 1
+3 3 1 1 1 0 0 1
+1 2
-1 6 2 2
+1 4
+3 4 2
+1 4 2
+1 4 2 0 1 0 0 1
+1 4 2
+2 3
+6 1 1
-1 1
+1 1 1
+2 2 2
-1 2 2 0 1 0 0 1
+2 1 1
+2 6 1
-5 12 12 0 0 1 0 0 1
-1 12
+1 12 12
+2 24 24
-1 24 24
+2 12 12
+2 72 12
+2 1
+1 3
+1 2 2
-1 1
+1 1 1

fl=(52)
fn=(216)
36 2 0 1 1 0 0 1
+3 1
-3 7 0 3
+3 1
-3 2 0 1
+3 1 0 1
cfi=(53)
cfn=(172)
calls=1 -11 
* 20 2 2
+1 2 0 0 1 0 0 1
+23 8 6
-21 4 0 1
cfi=(55)
cfn=(178)
calls=1 -12 
* 6 1
* 2
+2 2 1 1
+3 2 0 0 1 0 0 1
+13 2 0 1
cfi=(62)
cfn=(194)
calls=1 -35 
* 6 1
* 1
-11 6 0 1
cfi=(57)
cfn=(182)
calls=1 -2 
* 26 4 3
* 2

fn=(168)
68 812 0 348 1 0 1 1 0 1
+1 232 116 116 0 0 1 0 0 1
cfi=(32)
cfn=(94)
calls=116 +29 
* 3898 762 0 13 1 0 13 1
* 232
+3 116 116
+2 232
+6 113 113
-6 226
+1 399 133 133 1 0 0 1
cfi=(32)
cfn=(94)
calls=133 +23 
* 4582 891 0 9 0 0 9
* 266
+8 20 20
-13 20
+13 156 156
-1 96
+1 288 288

fn=(524)
87 2
+38 2
-1 2
+3 2
+2 80
+1 30 10 0 0 4 0 0 2
+3 7
-6 24 0 0 1 0 0 1
+18 2 2
+1 2 2
-15 6

fl=(7)
fn=(12)
42 1 0 0 1 0 0 1
+1 2 0 1 1 0 1 1 0 1
+1 2 0 1
+1 2 0 1
+1 2 0 1
+1 1 1

fn=(542) lookup_malloc_symbol
61 8 0 4 1 0 0 1
+3 4
-3 12 0 8
+3 4
-3 12 0 4
+3 4
-3 4
+2 4 0 4
+1 16 4 12
cfi=(78)
cfn=(270)
calls=4 772 
* 2756 827 304 0 35 0 0 3
+4 28 16 0 1 0 0 1
+1 28 12
+2 4 0 4
fi=(166) ./elf/./dl-sym-post.h
-30 8
+12 12 4
fe=(7)
+19 24 20

fn=(538)
76 2 0 1 1 0 0 1
+10 1
fi=(165) ./elf/../sysdeps/generic/dl-hash.h
-41 1
-1 1
fe=(7)
+32 8 0 5
+11 1 0 1
-1 1 0 1 1 0 0 1
fi=(165)
-43 1
+5 3
+14 4
-17 3 1 0 0 1 0 0 1
+3 15
+14 20
-17 15 5
fe=(7)
+46 2
fi=(165)
-24 1
fe=(7)
+22 1 0 1
+2 2 0 0 1 0 0 1
fi=(165)
-19 1 0 1
fe=(7)
+19 1 0 1
cfn=(542)
calls=1 -30 
* 696 218 85 2 12 0 2 1
+1 3
-1 1
+1 1 0 1
cfn=(542)
calls=1 -31 
* 733 221 85 0 7
+1 3
-1 1
+1 1 0 1
cfn=(542)
calls=1 -32 
* 830 239 92 0 11 0 0 2
+1 3 0 0 1 0 0 1
-1 1
+1 1 0 1
cfn=(542)
calls=1 -33 
* 669 205 78 0 5
+5 1 0 1
+1 1 0 1
+1 1 0 1
+1 1 0 1
+1 8 7

fn=(134)
239 2 0 0 1 0 0 1
+3 4 2 0 0 1 0 0 1
+2 2 2
+1 4
+4 3 1
-2 2
+4 28
+5 84 28
-2 56 28
+13 1 0 1
+4 4 2
-22 14 14 0 1 0 0 1
+15 14
-15 30

fl=(37)
fn=(108)
172 6 0 3 1 0 0 1
+3 1
-3 3 0 2
+3 1
-3 5 0 4 1 0 1 1 0 1
+2 1 0 1 0 0 1 0 0 1
cfi=(38)
cfn=(110)
calls=1 29 
* 49 6 0 3 0 0 3
+1 1
fi=(40) ./elf/./dl-hwcaps.h
43 1 0 1
fe=(37)
174 1 0 1
fi=(40)
45 2 0 1
+32 1 0 1
+1 1 0 1
+1 1
fe=(37)
-27 2 0 1 1 0 0 1
cfi=(39)
cfn=(114)
calls=1 -1 
* 23 8 6 2 0 1 2 0 1
* 2
fi=(40)
-9 1
+2 1 0 1
-2 1 0 1
+34 2 1 1
+1 2 1 1
+1 1 0 0 1 0 0 1
fe=(37)
-24 2 2
-1 2
+1 2
+1 2
+1 2
-5 4 0 2
cfi=(39)
cfn=(114)
calls=2 -1 
* 130 28 19 1 0 0 1
* 2 0 1
cfi=(39)
cfn=(114)
calls=1 -1 
* 125 22 15 6 1 0 6 1
* 6
+48 4 0 2
fi=(28)
-44 2 1 1
cfi=(27)
cfn=(78)
calls=1 -20 
* 30 7 7
fe=(37)
+46 2 1 0 1 0 0 1
-2 1 0 1 0 0 1 0 0 1
+2 1
+3 1 0 1
+3 1
fi=(40)
-65 1 0 1
+2 1 0 1
fe=(37)
+67 1 0 1
fi=(40)
-66 1
fe=(37)
+66 2 0 1 1 0 0 1
cfi=(39)
cfn=(120)
calls=1 -87 
* 13 5 3 2 0 0 2
* 2
fi=(40)
-69 1
+2 1 0 1
-2 1 0 1
+34 2 1 1
+1 2 1 1 1 0 0 1
+1 1
fe=(37)
+48 10 4 2 0 0 1 0 0 1
+1 4 2 2
+1 2
+1 2
-1 2 0 2
-4 4 0 2
cfi=(39)
cfn=(114)
calls=2 -74 
* 130 28 19
* 2 0 1
cfi=(39)
cfn=(114)
calls=1 -74 
* 125 22 15
* 6
+8 3 1 0 1 0 0 1
+9 5 1 1
+3 8 1 5 1 0 0 1
-2 6 0 1
+14 1
+4 1 1
+1 1 1
+1 1 0 1
-20 3
+19 1 0 1
+1 1 0 1
-20 2
+8 2 2 0 1 0 0 1
+4 2 2
-4 3
+4 2 0 1 1 0 0 1
cfi=(42)
cfn=(122)
calls=1 -96 
* 19 5 0 2 0 0 2
+1 3 1
-14 8 6
+47 1 1
-4 2 0 1 1 0 0 1
+4 2 0 1 0 0 1 0 0 1
-3 1
+7 1 1
-7 2
+7 1
fi=(28)
56 1 1 1
cfi=(27)
cfn=(78)
calls=1 -20 
* 30 7 7
* 1
fe=(37)
194 2
+8 1 1
fi=(40)
43 1 0 1 1 0 0 1
fe=(37)
201 1
80 1
fi=(40)
-35 1 0 1
fe=(37)
+35 1
202 1 1
fi=(40)
77 1 0 1
+1 1 0 1
fe=(37)
202 3 0 1
fi=(40)
79 1 0 0 1 0 0 1
fe=(37)
-2 2 0 1 1 0 0 1
cfi=(39)
cfn=(114)
calls=1 -26 
* 23 8 6
* 2
fi=(40)
-34 1
+2 1 0 1
fe=(37)
+35 2
fi=(40)
-37 1 0 1
+34 2 1 1
+1 2 1 1
+1 3 0 2
fe=(37)
+1 4 2
+7 2
-7 8 2 6 0 0 1 0 0 1
cfi=(29)
cfn=(126)
calls=2 197 
* 26 6 4 1 0 0 1
+4 2 0 2
+2 2 2
+2 2
-2 4 0 2
-9 4 0 2
cfi=(39)
cfn=(114)
calls=2 -26 
* 130 28 19
* 2 0 1 1 0 0 1
cfi=(39)
cfn=(114)
calls=1 -26 
* 125 22 15
* 6
213 2 2 0 1 0 0 1
-5 1 0 1
+1 1 0 1
-1 1 1
+5 1 0 1
+3 9 7

fl=(64)
fn=(202)
143 4 0 1 1 0 0 1
+1 2
-1 1
+1 1
-1 2 0 2
+1 1
-1 1 0 1
+1 1
-1 4 0 3 0 0 1 0 0 1
+1 3 0 0 1 0 0 1
-1 1 0 1
+1 7
-8 1 1 0 1 0 0 1
+8 2
-8 1
-6 1
-2 1 0 1 0 0 1 0 0 1
+16 1
-8 1
-7 1 0 1
+1 1 0 1
+6 1 0 1
+24 4 0 0 1 0 0 1
-28 3 0 1
-2 1
+31 1 1
-33 2 0 1
+2 2
+30 2
-30 1
-1 4 0 1 1 0 0 1
+7 4 1 1
+24 3
+28 3 1 1
-6 1 1
+46 1
fi=(72) ./elf/../include/scratch_buffer.h
77 1
fe=(64)
+87 1 0 1 1 0 0 1
fi=(72)
-87 1 0 1 0 0 1 0 0 1
+1 1 0 1
fe=(64)
184 1 0 1
+44 4 0 4
-31 1 1 0 1 0 0 1
-4 1 0 1
+4 8 6 0 0 2
-4 6 0 6
+4 12
+11 18 9 0 0 2 0 0 1
-18 2
+18 4 2
417 14 0 0 1 0 0 1
+2 5
+3 5
-3 15 0 10 0 0 1 0 0 1
+3 5
-3 5 0 5
fi=(28)
56 5 5 5
cfi=(27)
cfn=(78)
calls=5 -20 
* 150 35 35
fe=(64)
423 15 10 0 1 0 0 1
fi=(28)
56 5
fe=(64)
423 5
+6 5 0 5 0 0 1 0 0 1
+1 25 0 10
cfi=(29)
cfn=(82)
calls=5 210 
* 63 17 12 0 0 1 0 0 1
+1 25 0 5
cfi=(29)
cfn=(82)
calls=5 210 
* 63 17 12 0 0 2 0 0 2
+3 5 0 5
+1 10 5 5
+4 21 7 0 1 0 0 1
188 12 6
442 18 6
-1 7 7
+1 14
183 6 4
+27 20 15 0 1 0 0 1
+7 5 5
+4 5 5
-6 5 0 5 1 0 0 1
+1 5 0 5
+1 5 0 5
+1 10 5 5
+3 15 5 0 0 2
-2 5 0 5
-29 25 0 15 1 0 1 1 0 1
+32 298
+6 48 24 12
cfi=(30)
cfn=(204)
calls=12 +10 
* 660 132 84 2 7 1 2 7 1
* 36
+4 24 0 0 1 0 0 1
-2 12 0 12
+2 24 0 12
cfi=(50)
cfn=(160) _dl_catch_exception
calls=12 -28 
* 24999 5122 2719 104 168 198 103 166 198
+1 24 12
+9 12 12
+2 24 12 0 1 0 0 1
+5 25 0 5
+6 5 5
+2 5 0 5
-8 10 0 0 1 0 0 1
+3 5 0 5
+1 5 0 5
+1 5 0 5
+1 5 0 5
+4 5 5
-3 5 0 5
+3 15 0 5
+4 36 12
+1 27 0 9
-43 611 159 0 0 5
+7 24 0 0 1 0 0 1
+38 411 0 0 1 0 0 1
fi=(72)
85 3 1 0 1 0 0 1
fe=(64)
448 5 1 0 1 0 0 1
+1 1 0 1
+3 4 1 1
+11 5 1 2 1 0 0 1
fi=(28)
56 1 1 1
cfi=(27)
cfn=(78)
calls=1 -20 
* 30 7 7
fe=(64)
465 3 2
fi=(28)
56 1
fe=(64)
465 1
+5 2 1 0 1 0 0 1
+1 1 0 1
-1 3 1 1
+4 3
-2 2
+13 6 0 6
+5 6 0 6
-16 18 6
+11 6
-7 6 6
+7 6
-2 12
-5 1 1 0 1 0 0 1
+7 1
-2 2
+2 1
-11 1
+11 1 0 1 0 0 1 0 0 1
+5 1 0 1
-16 3 1
+21 3 1
+37 2 0 0 1 0 0 1
+15 2 0 0 1 0 0 1
-14 2
+20 1 1 0 1 0 0 1
-1 4 0 1
+1 4 1 1
-1 5 1 1 1 0 0 1
cfi=(13)
cfn=(232)
calls=1 298 
* 489 134 86 14 1 0 14
+5 1 0 1
+2 1 1
+1 1 0 1
+1 2 1
-2 1 0 1
+2 1
+7 3 1 0 1 0 0 1
+3 2
+3 8 7
198 46 20 0 1 0 0 1
+3 5
fi=(72)
-70 20 0 10 1 0 0 1
cfi=(71)
cfn=(228)
calls=5 30 
* 125 30 20 2 0 0 2
fe=(64)
+70 15 5
+4 10 5
547 4 0 3
cfi=(29)
cfn=(82)
calls=1 210 
* 19 5 4 0 0 1 0 0 1
* 3 2
-53 2 0 0 1 0 0 1
144 2 0 1 1 0 1 1 0 1

fn=(206) openaux
61 72 0 24
+7 12 12 0 1 0 0 1
-4 36 36
+1 12 12
-1 84 12 12
cfi=(30)
cfn=(166)
calls=12 1967 
* 23943 4834 2395 103 168 194 102 166 194
* 12 0 12
+5 36 36

fl=(169)
fn=(552)
27 1 0 0 1 0 0 1
+2 2
-2 1 0 1
+6 3
-6 3 0 1
+6 1
-6 2 0 1
+6 1 0 1
cfi=(168)
cfn=(548)
calls=1 +41 
* 225 50 14 0 10 0 0 5
+4 2
+2 3 2 0 1 0 0 1
+2 1 1
-1 1
-1 1 1
+2 2 2
-1 1
cob=(2)
cfi=(170)
cfn=(554)
calls=1 -7 
* 353 75 38 16 23 5 16 7 5

fl=(45)
fn=(150)
116 2 0 0 1 0 0 1
+1 2 2

fn=(196)
38 6
+3 6
-1 12
+4 12 6 0 1 1 0 1
+4 6 6

fn=(144)
56 3 0 0 1 0 0 1
+3 2
+4 1 1 0 0 1 0 0 1
+22 1 1
+10 1 1
-32 2
+1 1 0 1
+21 2
+5 2 1 0 1 1 0 1 1
+1 1
+4 1 1
-4 1 0 1
-1 1 0 1
+2 1 0 1
+3 1
+4 2
+8 2 1
-50 1 0 0 1 0 0 1
+4 2
+35 6 1 1 1 0 0 1

fl=(50)
fn=(158)
254 6 0 3 1 0 0 1
+2 1
-2 6 0 1
+2 1 0 1
cfn=(160)
calls=1 -52 
* 2728 580 320 108 35 37 106 35 37
+1 2 1 1
+1 1 1
+1 1 1
-1 1 0 1
+1 1 0 1
+2 6 5 0 1 0 0 1

fn=(160)
204 78 0 39 1 0 2 1 0 2
58 13 13 0 0 1 0 0 1
204 26 0 26 0 0 1 0 0 1
+3 26
+22 13
-1 13 0 13 1 0 0 1
+1 13 0 13
58 26
235 39 0 13 0 0 1 0 0 1
cfi=(51)
cfn=(162)
calls=13 31 
* 312 65 117 2 0 2 2 0 2
* 39 0 0 1 0 0 1
+2 39 26 13
cfi=(64)
cfn=(206)
calls=12 61 
* 24207 4942 2443 104 168 194 103 166 194
cfi=(2)
cfn=(164)
calls=1 641 
* 2662 565 297 102 34 35 100 34 35
69 13 13
+1 13 13
-1 13
+1 13 0 13
239 52 13 26
-25 13
+34 39 39
59 26 13 13 1 0 0 1
+11 39 0 13

fn=(236)
186 2 0 1 1 0 0 1
58 1 1
186 4 0 1
+2 1 1
-2 1 0 1
58 1 0 0 1 0 0 1
+1 1 1
+11 1 0 1
192 1 0 1
+2 1 0 1
cfi=(2)
cfn=(238)
calls=1 674 
* 24719 7422 1576 58 130 77 58 120 74
69 2 1
+1 1 0 1
198 1 1
-1 1 0 1
+1 3 3

fl=(26)
fn=(72)
59 90 0 60 1 0 3 1 0 3
+3 12
+18 10 5
+3 5 0 5 0 0 1 0 0 1
cfi=(22)
cfn=(62)
calls=5 -26 
* 103 13
+4 5
-4 5
+4 5
+5 5
-9 15 0 10
fi=(28)
-39 10 5 5
cfi=(27)
cfn=(74)
calls=5 +36 
* 306 57 48 6 0 2 6 0 2
fe=(26)
+39 1 0 1 1 0 0 1
fi=(28)
-39 2 1 1
cfi=(27)
cfn=(74)
calls=1 +36 
* 47 8 8 6 1 1 6 1 1
* 6
fe=(26)
+51 12
+5 6 6
+4 6 6 0 1 0 0 1
-6 6 0 6 0 0 4 0 0 4
+2 6
+4 6 6
-5 6 0 6 0 0 6 0 0 6
+4 6
+1 6
-1 6 0 6 0 0 2 0 0 2
+1 12 0 12
cfi=(29)
cfn=(82)
calls=6 210 
* 77 19 13 2 1 8 2 1 8
* 6 6
+15 6 6
-15 6 0 6
+2 6 0 6 1 0 0 1
+13 12 6
+6 1
+2 7 2 2 0 1 0 0 1
+3 2 1
-3 35 10 10 0 5 0 0 5
+3 10 5
+2 6 0 6 1 0 0 1
+4 6 0 6
+3 16
+2 12 0 8 1 0 1 1 0 1
-2 8
+2 8 0 8 0 0 3 0 0 3
-2 16
+16 12
-5 6 0 6 0 0 6 0 0 6
+5 6
-6 6 0 0 1 0 0 1
+6 6 6 0 0 1 0 0 1
-6 6 0 6
+6 12
+2 10 0 5 0 0 4 0 0 4
+3 10
-3 10
+7 24 6
+4 15
+8 1 0 1 1 0 0 1
+13 1 1
-10 2 0 1
+10 8 6
-10 10 0 5
+10 15 5
+2 5 0 5
cfi=(22)
cfn=(62)
calls=5 57 
* 203 33 0 4 0 0 4
+21 5 0 0 1 0 0 1
-21 15 0 5
+17 5
-13 15
+50 15 10 5 1
cfi=(29)
cfn=(126)
calls=5 -48 
* 89 21 16 0 0 4 0 0 4
* 5
+5 10
+1 10 5
-1 158
+1 158 79
+4 10
+1 5 0 5
+3 5 0 5 0 0 1 0 0 1
+4 54 42 0 1 0 0 1
131 12 0 6 1 0 6 1 0 6
-8 5
-4 10 5
+34 1
+7 4 0 0 1 0 0 1
+8 20 5 0 1 0 0 1
fi=(28)
56 10 5 5 1 0 0 1
cfi=(27)
cfn=(78)
calls=5 -20 
* 150 35 35
* 5
fe=(26)
200 10
-1 10
64 2 0 0 1 0 0 1
+2 3 1 0 1 0 0 1
+1 2
+4 6 0 2
+6 2 0 0 1 0 0 1

fn=(84)
31 24 0 12 1 0 0 1
+2 6
-2 12 0 6
+2 6
-2 18 0 6
+2 6 6 6
cfi=(24)
cfn=(86)
calls=6 +9 
* 18 6
+2 53 6 0 1 0 0 1
+3 80 20
+2 5 0 5
+2 5 0 5
+4 5
+4 5
-4 10 0 5
+1 10 5 5
+1 10 0 5
+3 25 20
-1 5 5
cfi=(24)
cfn=(86)
calls=5 -8 
* 15 5
-4 1
+4 1
-4 2 0 1
+1 2 1 1
+1 2 0 1
+3 5 4
-1 1 1
cfi=(24)
cfn=(86)
calls=1 -8 
* 3 1
-5 2 0 1 1 0 0 1

fl=(186)
fn=(642)
71 73 0 0 1 0 0 1
+5 73 0 73
+3 73
+2 73
+10 73 73
+6 73 0 73 0 0 1
+1 73 0 73
+1 73 0 73 1 0 0 1
+1 73 0 73
+1 73 0 73
+1 73 0 73
+1 73 0 73
+4 73
+1 73
+3 73 0 73 0 0 2
+1 73 0 73
+2 73 0 73
+1 73 0 73
+1 73 0 73 1 0 0 1
+1 73 0 73
+1 73 0 73
+1 73 0 73
+2 73 0 2482 0 0 17 0 0 1
+7 73 73
+1 73 73
+1 73 0 73 0 0 1
cfi=(187)
cfn=(644)
calls=73 -84 
* 58616 16538 5698 41 673 30 9 139 4
+1 73
+5 73
+1 73
+1 73 2628
+2 73 73 0 1 0 0 1
+1 73 73
+1 73 73
+1 73 73
+1 73 73
+1 73 73
+1 73 73
+2 73
+2 73 73
+4 73
+2 73

fl=(167)
fn=(546)
30 2 0 1 1 0 0 1
+10 3
-10 3 0 2
+10 1
-10 1 0 1
+10 1
-10 1
+7 1 1
+3 2 0 1
cfi=(168)
cfn=(548)
calls=1 +34 
* 233 53 14 7 3 0 7 3
+4 2 0 0 1 0 0 1
+1 8 3
+2 3
-2 1 0 1
+2 3 0 1
cfi=(168)
cfn=(548)
calls=1 +27 
* 223 50 14 0 6 0 0 4
+4 2 0 0 1 0 0 1
+1 7 3 1
+1 6 5

fl=(239)
fn=(1576)
24 56 0 28 1 0 0 1
+4 14 7
+6 7 7 0 0 7
-2 7 0 7 1 0 0 1
+3 14
+3 5 5 0 0 4
+1 5 5 0 0 2
-1 5 5
+1 10 5
+3 20
+1 5 5 5 0 4
cob=(3)
cfi=(183)
cfn=(1732)
calls=1 -43 
* 152 37 17 5 2 0 2
cob=(6)
cfi=(184)
cfn=(1702) 0x0000000000004940
calls=1 -43 
* 42 14 12 3 1 0 2
cob=(7)
cfi=(185)
cfn=(1622) 0x00000000000b7aa0
calls=1 -43 
* 6724 2305 1095 40 102 7 33 14
cob=(5)
cfi=(178)
cfn=(1604)
calls=1 -43 
* 152 37 17 5 2 0 1
cob=(8)
cfi=(211)
cfn=(1578) 0x0000000000002fc0
calls=1 -43 
* 152 37 17 10 8 1 10 1 1
* 1 1 1
cob=(6)
cfi=(184)
cfn=(1714) 0x0000000000005ad0
calls=1 -43 
* 152 37 17 5 3 0 2
-1 24
+5 7 7 0 1 4 0 1
+1 14
+1 10 10 0 0 3
+1 25 20
-1 5
cob=(4)
cfi=(175)
cfn=(1748)
calls=1 -49 
* 4 1 0 1 0 0 1
cob=(4)
cfi=(175)
cfn=(1730)
calls=1 -49 
* 4 1 0 1 0 0 1
cob=(4)
cfi=(175)
cfn=(1700)
calls=1 -49 
* 4 1 0 1 0 0 1
cob=(4)
cfi=(175)
cfn=(1620)
calls=1 -49 
* 4 1 0 1 0 0 1
cob=(4)
cfi=(175)
cfn=(1600)
calls=1 -49 
* 4 1
+1 12 10

fl=(43)
fn=(130)
132 12 0 0 1 0 0 1
+1 60
+5 12
+1 12
+3 5
+1 5
+2 1 0 1 0 0 1 0 0 1
+1 1 0 1
+1 1 1 0 1
+97 4 0 4 1 0 3 1 0 3
+1 4 0 4
+12 4
+3 4
+1 4
+12 4 0 4 0 0 2 0 0 2
+1 4 0 4 0 0 2 0 0 2
+13 4
+1 4
+2 4
+3 3
+3 6
+3 3 0 3
+1 3 0 3
+1 3 0 3 0 0 1 0 0 1
+1 3 0 3 0 0 1 0 0 1
+1 3
+1 3
+1 3
-6 90 0 90 0 0 34 0 0 34
+1 90 0 90
+1 90 0 90 0 0 51 0 0 51
+1 90 0 90 0 0 5 0 0 5
+1 90
+1 90
+1 90
+3 4 0 4 0 0 1 0 0 1
+1 4 0 4
+1 4 0 4
+1 4 0 4
+5 4 4
+34 7 0 0 1 0 0 1
+2 7
+1 7
+39 7 0 7 1 0 2 1 0 2
+1 7 0 7 0 0 1 0 0 1
+2 7 7

fl=(11)
fn=(58)
153 15 0 0 1 0 0 1
-81 40 5 0 1 0 0 1
+81 15 0 10
-81 10
+10 5 5
fi=(259) ./elf/./dl-tunable-types.h
+2 5
fe=(11)
+9 40 10 0 1 0 0 1
+1 25 10
fi=(12) ./elf/./elf/dl-tunables.h
+47 10
fe=(11)
-26 25 0 5 1 0 0 1
+1 5 0 5
+1 5 0 5
+1 5 0 5
+39 15 15
fi=(12)
-15 10 0 0 1 0 0 1
fe=(11)
-45 10
+3 5
fi=(12)
+51 5
fe=(11)
-51 5
+4 10
+7 10
+1 10
-12 25

fn=(28)
387 39 0 0 2 0 0 1
+3 78
-3 39
+3 312 39 0 0 35 0 0 31
+9 36 36 0 0 15
-9 72 0 0 2 0 0 1
+19 25 0 25
+7 234 39 0 0 4
+2 39 39
-19 14 0 14
+1 14
+9 6 0 0 1 0 0 1

fn=(22)
261 8 0 5 2 0 0 2
+22 1
-22 1 0 1
128 1
283 1
-22 1
+6 4 1
42 235 47 0 1 0 0 1
+6 46 46 0 0 18 0 0 18
-3 46
+3 4091 545 0 0 5 0 0 5
+4 92
+4 92 0 0 1 0 0 1
fi=(12)
160 46
fe=(11)
56 92
fi=(12)
161 22
-1 112 68 0 0 1 0 0 1
+1 160
-1 92
fe=(11)
281 7544
+6 13662 3772 0 1 41 0 1 41
fi=(12)
160 460 460
+1 920
-1 97 97
+1 388
-1 485 97 0 1 0 0 1
fe=(11)
304 8 7 0 1 0 0 1

fl=(29)
fn=(82)
210 36 0 0 2 0 0 1
+1 36
+6 36
+1 36
+2 26 26 0 0 4 0 0 2
+1 26
+1 26
+2 12 12
+1 12 0 12 0 0 2 0 0 1
+1 12 0 12 0 0 2 0 0 2
+2 12 12
+80 10 0 0 1 0 0 1
+1 10
+2 1
+4 1
+1 1
+1 1
+1 1 1 0 0 1 0 0 1
+1 1
+4 1 0 1 0 0 1 0 0 1
+2 1 1
+39 9 9 0 0 1 0 0 1
+1 9 9
+1 9 0 9 0 0 6 0 0 6
+1 9 0 9 0 0 1 0 0 1
+1 9 9
+7 12 12
+1 12 12
+1 12 0 12 0 0 3 0 0 3
+1 12 0 12
+1 12 0 12 0 0 5 0 0 5
+1 12 0 12
+1 12 12
+11 14 0 0 1
+1 14
+2 12 12
+1 12 0 0 2 0 0 1
+1 12
+20 2 0 0 1 0 0 1
+1 2
+4 2
+2 2
+16 2
+3 2
+2 2
+2 2
+4 2
+1 2
+9 2 2 0 0 2 0 0 2
+1 2 2 0 0 1 0 0 1
+2 2
+2 2
+1 2 2
+1 2 2 0 1 1 0 1 1
+3 2
+2 2
+2 2
+2 2
+6 2 2
+1 2 2 0 0 1 0 0 1
+1 2 2
+1 2 2 0 0 1 0 0 1
+1 2
+1 2 0 2 0 0 1 0 0 1
+1 2 0 2 0 0 1 0 0 1
+1 2 0 2
+1 2 0 2 0 0 1 0 0 1
+1 2
+1 2
+1 2
-11 4 4
+1 4 4 0 0 1 0 0 1
+1 4 4
+1 4 4 0 0 1 0 0 1
+1 4
+1 4 0 4
+1 4 0 4 0 0 2 0 0 2
+1 4 0 4
+1 4 0 4 0 0 2 0 0 2
+1 4
+1 4
+1 4
+2 2 0 2 1 0 2 1 0 2
+1 2 0 2
+1 2 0 2
+1 2 0 2
+2 2 0 2
+4 2 2

fn=(126)
197 27
+1 27
+1 27
+1 27

ob=(6)
fl=(184)
fn=(1724) 0x0000000000005a60
0 5 1 0 2 0 0 1

fn=(1704) 0x00000000000048f0
0 32 12 8 2 1 0 2

fn=(622)
0 352 16 43 35 1 0 35

ob=(1)
fl=(29)
fn=(126)
217 27
+1 27
+2 8 8 0 0 1
+1 8
+1 8
+2 5 5
+1 5 0 5 0 0 2 0 0 2
+1 5 0 5
+2 5 5
+80 19 0 0 1
+1 19
+2 6
+4 6
+1 6
+1 6
+8 6 6
+39 13 13 0 1 0 0 1
+1 13 13
+1 13 0 13 0 0 1 0 0 1
+1 13 0 13
+1 13 13
+7 3 3
+1 3 3
+1 3 0 3 0 0 1 0 0 1
+1 3 0 3 0 0 1 0 0 1
+1 3 0 3 0 0 1 0 0 1
+1 3 0 3
+1 3 3
+11 3
+1 3
+2 3 3
+1 3
+1 3

fl=(63)
fn=(200)
25 1
+2 7 0 1
+4 1 1

fl=(243)
fn=(1676)
29 2 0 0 1 0 0 1
+1 2 2
+1 2 2 0 0 1
+2 2 2 0 0 1
+1 2
+1 2 2 0 0 1
+3 2
+1 2 2 0 1 0 0 1
+4 2
+1 2
+1 2 2
+1 2 2

ob=(6)
fl=(184)
fn=(622)
0 12 1 2 5 1 0 5 1

fn=(624)
0 12 1 0 3 0 0 3

fn=(1714)
0 9 3 2 1 2
cob=(4)
cfi=(175)
cfn=(1720)
calls=1 0 
0 134 31 13 1 1 0 1
0 1 0 1
cfn=(1724)
calls=1 0 
0 5 1 0 2 0 0 1
0 3 2 1 1

fn=(1702)
0 5 0 2 1
cfn=(1704)
calls=1 0 
0 16 6 4 2 1 0 2
0 2 0 1
cfn=(1704)
calls=1 0 
0 16 6 4
0 3 2 1

ob=(8)
fl=(211)
fn=(1372) std::mersenne_twister_engine<unsigned long, 32ul, 624ul, 397ul, 31ul, 2567483615ul, 11ul, 4294967295ul, 7ul, 2636928640ul, 15ul, 4022730752ul, 18ul, 1812433253ul>::operator()()
0 365 56 29 3 0 0 3
cfn=(1374) std::mersenne_twister_engine<unsigned long, 32ul, 624ul, 397ul, 31ul, 2567483615ul, 11ul, 4294967295ul, 7ul, 2636928640ul, 15ul, 4022730752ul, 18ul, 1812433253ul>::_M_gen_rand()
calls=1 0 
0 7421 1057 427 4 2 0 4 2
0 2 1

fn=(1560) std::vector<int, std::allocator<int> >::~vector()
0 5 2 0 1 0 0 1

fn=(1378) Graph::Graph::addEdge(int, int, int)
0 52 4 12 1 0 0 1
cfn=(1376) Graph::Graph::hasEdge(int, int) const
calls=2 0 
0 64 14 4
0 64 28 10 3 0 0 3
cfn=(1380) void std::vector<std::pair<int, int>, std::allocator<std::pair<int, int> > >::_M_realloc_insert<std::pair<int, int> >(__gnu_cxx::__normal_iterator<std::pair<int, int>*, std::vector<std::pair<int, int>, std::allocator<std::pair<int, int> > > >, std::pair<int, int>&&)
calls=2 0 
0 528 110 68 7 0 4 7 0 3
0 6 0 2
cfn=(1380)
calls=2 0 
0 1464 428 225 16 21 20 14 1 1
0 2

fn=(1562) Graph::Graph::~Graph()
0 22 5 6
cob=(4)
cfi=(175)
cfn=(1382)
calls=3 0 
0 273 81 42
0 17 4
cob=(4)
cfi=(175)
cfn=(1382)
calls=1 0 
0 91 27 14

fn=(1314)
0 12 1 0 2 0 0 2

fn=(1370) int std::uniform_int_distribution<int>::operator()<std::mersenne_twister_engine<unsigned long, 32ul, 624ul, 397ul, 31ul, 2567483615ul, 11ul, 4294967295ul, 7ul, 2636928640ul, 15ul, 4022730752ul, 18ul, 1812433253ul> >(std::mersenne_twister_engine<unsigned long, 32ul, 624ul, 397ul, 31ul, 2567483615ul, 11ul, 4294967295ul, 7ul, 2636928640ul, 15ul, 4022730752ul, 18ul, 1812433253ul>&, std::uniform_int_distribution<int>::param_type const&) [clone .isra.0]
0 210 0 84 2 0 0 2
cfn=(1372)
calls=14 0 
0 7788 1114 456 7 2 0 7 2
0 196 84 0 1 0 0 1

fn=(1532) std::stack<int, std::deque<int, std::allocator<int> > >::stack<std::deque<int, std::allocator<int> >, void>()
0 14 0 9 2 0 0 2
cob=(4)
cfi=(175)
cfn=(1366)
calls=1 0 
0 210 43 21 0 1 1 0 0 1
0 7 1 2 1 0 0 1
cob=(4)
cfi=(175)
cfn=(1366)
calls=1 0 
0 201 41 21 0 1 1 0 0 1
0 15 3 5 1 0 0 1

fn=(1306)
0 12 2 3 2 1 0 2
cob=(2)
cfi=(212)
cfn=(1308)
calls=1 242 
0 51337 12451 7103 502 386 117 445 53 13

fn=(1332)
0 24 1 11 2 0 2 2
cob=(4)
cfi=(175)
cfn=(1334)
calls=1 0 
0 643 187 49 24 12 6 24 4 1
0 12 0 3
cob=(4)
cfi=(175)
cfn=(1334)
calls=3 0 
0 498 154 89 1 0 0 1
0 24 1 1 1 0 0 1
cfn=(1346) std::__cxx11::basic_string<char, std::char_traits<char>, std::allocator<char> >::basic_string(char const*, std::allocator<char> const&) [clone .isra.0]
calls=1 0 
0 51 12 11
0 6 2 1
cfn=(1350) int __gnu_cxx::__stoa<long, int, char, int>(long (*)(char const*, char**, int), char const*, char const*, unsigned long*, int)
calls=1 0 
0 164 36 24
0 3 0 1
cob=(4)
cfi=(175)
cfn=(1360)
calls=1 0 
0 8 3
0 7 1 1 1 0 0 1
cfn=(1346)
calls=1 0 
0 51 12 11 4 1 2 4
0 6 2 1 1 0 0 1
cfn=(1350)
calls=1 0 
0 164 36 24 15 7 0 15 1
0 3 0 1
cob=(4)
cfi=(175)
cfn=(1360)
calls=1 0 
0 8 3 0 3 1 0 3
0 16 10 1 2 1 0 2
cfn=(1346)
calls=1 0 
0 51 12 11
0 6 2 1
cfn=(1350)
calls=1 0 
0 164 36 24
0 3 0 2
cob=(4)
cfi=(175)
cfn=(1360)
calls=1 0 
0 8 3
0 27 3 2 3 0 0 3
cfn=(1364) Graph::Graph::Graph(int, bool)
calls=1 0 
0 255 47 38 8 1 1 8 0 1
0 5641 1 632 1 0 49 1
cfn=(1370)
calls=7 0 
0 7809 1128 484 10 2 0 10 2
0 35 0 7
cfn=(1370)
calls=7 0 
0 385 70 56
0 40 1 1 1 0 0 1
cfn=(1396) Graph::Graph::printGraph() const
calls=1 0 
0 17588 5255 2795 155 123 14 147 27 3
0 4 0 1
cfn=(1522) Graph::Graph::findEulerianCircuit() const
calls=1 0 
0 1224 289 175 33 2 2 31 0 2
0 15 5 3 1 0 0 1
cfn=(1376)
calls=3 0 
0 98 22 6 3 0 0 3
0 16 2 2
cfn=(1378)
calls=2 0 
0 2180 584 321 27 21 24 25 1 4
0 8 0 1 1 0 0 1
cob=(4)
cfi=(175)
cfn=(1536)
calls=1 0 
0 1768 628 329 6 15 0 6
0 3 0 1
cob=(4)
cfi=(175)
cfn=(1548)
calls=1 0 
0 2302 707 335 15 22 0 8 1
0 2 0 1
cfn=(1560)
calls=1 0 
0 5 2 0 1 0 0 1
0 2 1 1 1 0 0 1
cfn=(1562)
calls=1 0 
0 403 117 62
0 2

fn=(1380)
0 128 9 26 4 0 0 4
cob=(4)
cfi=(175)
cfn=(1382)
calls=1 0 
0 914 317 155 15 21 20 13 1 1
0 60 28 24 1 0 0 1
cob=(4)
cfi=(175)
cfn=(1366)
calls=4 0 
0 822 172 84 1 0 4 1 0 3
0 68 12 4 2 0 0 2

fn=(1364)
0 20 0 8 2 0 0 2
cob=(4)
cfi=(175)
cfn=(1366)
calls=1 0 
0 210 43 21 5 1 1 5 0 1
0 25 4 9 1 0 0 1

fn=(1524) Graph::Graph::isConnected() const
0 33 5 14 3 0 0 3
cob=(4)
cfi=(175)
cfn=(1366)
calls=1 0 
0 62 17 10
0 16 0 9 1 0 0 1
cob=(4)
cfi=(175)
cfn=(1526)
calls=1 0 
0 15 2 2 3 0 0 3
0 19 10 1 2 0 0 2
cfn=(1530) Graph::Graph::dfs(int, std::vector<bool, std::allocator<bool> >&) const
calls=1 0 
0 873 196 113 16 2 2 14 0 2
0 57 15 1 2 0 0 2
cob=(4)
cfi=(175)
cfn=(1382)
calls=1 0 
0 91 27 14
0 1

fn=(1530)
0 17 1 9 1 0 0 1
cfn=(1532)
calls=1 0 
0 447 88 58 4 2 2 4 0 2
0 212 44 17 8 0 0 8
cob=(4)
cfi=(175)
cfn=(1382)
calls=1 0 
0 91 27 14 2
0 4 0 1
cob=(4)
cfi=(175)
cfn=(1382)
calls=1 0 
0 91 27 14
0 11 9 0 1 0 0 1

fn=(1350)
0 51 3 27 2 0 0 2
cob=(4)
cfi=(175)
cfn=(1352)
calls=3 0 
0 18 12 0 2 1 0 2
0 21 3 6 0 1
cob=(2)
cfi=(220)
cfn=(1356)
calls=3 125 
0 321 57 36 9 5 0 9 1
0 81 33 3 2 0 0 2

fn=(1376)
0 162 36 10 3 0 0 3

fn=(1522)
0 15 1 8 2 0 0 2
cfn=(1524)
calls=1 0 
0 1167 272 164 27 2 2 25 0 2
0 27 11 3 3 0 0 3
cfn=(1534) Graph::Graph::degree(int) const
calls=1 0 
0 12 5 0 1 0 0 1
0 3

fn=(1534)
0 12 5 0 1 0 0 1

fn=(1346)
0 48 3 21 2 0 1 2
cob=(4)
cfi=(175)
cfn=(1348)
calls=3 0 
0 48 9 0 1 1 0 1
0 57 24 12 1 0 1 1

fn=(1396)
0 45 16 11 2 0 0 2
cob=(4)
cfi=(175)
cfn=(1486)
calls=3 0 
0 1560 526 263 21 14 0 21 7
0 6 0 3
cob=(4)
cfi=(175)
cfn=(1506)
calls=3 0 
0 1149 441 206 16 13 0 16 7
0 30 12 6 1 0 0 1
cob=(4)
cfi=(175)
cfn=(1398)
calls=3 0 
0 7445 2161 1090 99 93 14 91 11 3
0 12 0 3 1 0 0 1
cob=(4)
cfi=(175)
cfn=(1476)
calls=3 0 
0 759 228 129 11 2 0 11 1
0 40 12 4 1 0 0 1
cob=(4)
cfi=(175)
cfn=(1476)
calls=4 0 
0 956 288 168
0 24 8 4
cob=(4)
cfi=(175)
cfn=(1398)
calls=4 0 
0 1631 436 256
0 20 0 4
cob=(4)
cfi=(175)
cfn=(1476)
calls=4 0 
0 1012 304 172
0 16 8 4 1 0 0 1
cob=(4)
cfi=(175)
cfn=(1398)
calls=4 0 
0 1628 436 256
0 16 0 4
cob=(4)
cfi=(175)
cfn=(1476)
calls=4 0 
0 956 288 168 0 1 0 0 1
0 24 8 1
cob=(4)
cfi=(175)
cfn=(1476)
calls=1 0 
0 246 74 43
0 13 9 0 2 0 0 2

fn=(1578)
0 9 3 2 1 2 0 1
cob=(4)
cfi=(175)
cfn=(1584)
calls=1 0 
0 134 31 13 9 6 1 9 1 1
0 1 0 1
cfn=(1594) 0x0000000000002f50
calls=1 0 
0 5 1
0 3 2 1

fn=(1374)
0 7421 1057 427 4 2 0 4 2

fn=(1594)
0 5 1

ob=(7)
fl=(185)
fn=(648)
0 40 7 17 5 5 3 5 1
cob=(4)
cfi=(175)
cfn=(650)
calls=1 0 
0 74031 22047 10052 337 462 110 335 97 96
0 16 3 11 3 1 2 2
cob=(4)
cfi=(175)
cfn=(650)
calls=1 0 
0 32 12 7 2 1
0 14 2 11 2 0 2 2
cob=(4)
cfi=(175)
cfn=(650)
calls=1 0 
0 32 12 7
0 7 1 4 0 1
cob=(4)
cfi=(175)
cfn=(1026)
calls=1 0 
0 777 257 160 5 8 4 5 1
0 11 1 6 1 1 1 1
cob=(4)
cfi=(175)
cfn=(1032)
calls=1 0 
0 4342 1402 686 21 44 0 20 9
0 4 1 1 1 0 0 1
cob=(4)
cfi=(175)
cfn=(1026)
calls=1 0 
0 94 14 31 0 0 4 0 0 3
0 15 1 8 1 0 0 1
cob=(4)
cfi=(175)
cfn=(1032)
calls=1 0 
0 185 67 41
0 4 1 1 0 1
cob=(4)
cfi=(175)
cfn=(1026)
calls=1 0 
0 94 14 31 0 0 3
0 11 1 6 1 0 1 1
cob=(4)
cfi=(175)
cfn=(1032)
calls=1 0 
0 185 67 41
0 4 1 2 1 0 0 1
cob=(4)
cfi=(175)
cfn=(1026)
calls=1 0 
0 94 14 31 0 0 4 0 0 4
0 11 2 6 1 0 1 1
cob=(4)
cfi=(175)
cfn=(1032)
calls=1 0 
0 185 67 41
0 23 4 12 2 2 1 2
cob=(4)
cfi=(175)
cfn=(650)
calls=1 0 
0 32 12 7
0 16 3 11 2 0 3 2
cob=(4)
cfi=(175)
cfn=(650)
calls=1 0 
0 32 12 7
0 14 2 11 2 0 1 2
cob=(4)
cfi=(175)
cfn=(650)
calls=1 0 
0 32 12 7
0 7 1 4 1 0 0 1
cob=(4)
cfi=(175)
cfn=(1026)
calls=1 0 
0 94 14 31 0 0 4 0 0 4
0 11 1 7 1 0 1 1 0 1
cob=(4)
cfi=(175)
cfn=(1062)
calls=1 0 
0 2165 656 300 8 17 0 8 6
0 4 1 1
cob=(4)
cfi=(175)
cfn=(1026)
calls=1 0 
0 94 14 31 0 0 4 0 0 4
0 15 1 9 2 0 0 2
cob=(4)
cfi=(175)
cfn=(1062)
calls=1 0 
0 185 67 42
0 4 1 1
cob=(4)
cfi=(175)
cfn=(1026)
calls=1 0 
0 94 14 31 0 0 4 0 0 3
0 11 1 7 1 0 1 1 0 1
cob=(4)
cfi=(175)
cfn=(1062)
calls=1 0 
0 185 67 42
0 4 1 2 1 0 0 1
cob=(4)
cfi=(175)
cfn=(1026)
calls=1 0 
0 94 14 31 0 0 4
0 11 2 7 1 0 0 1
cob=(4)
cfi=(175)
cfn=(1062)
calls=1 0 
0 185 67 42
0 15 9 4 1 1 0 1

fn=(654)
0 220 0 132 1 0 1 1 0 1
cfn=(656) 0x00000000000e98b0
calls=22 0 
0 73496 21881 9916 333 455 107 330 95 95
0 264 154 22 2 0 1 2

fn=(730)
0 1014 338 96 2 8 0 2 7

fn=(832)
0 14 1 6 2 0 1 2 0 1
cob=(4)
cfi=(175)
cfn=(684)
calls=1 0 
0 25 8 3
0 5 4 1 0 0 1 0 0 1

fn=(1084)
0 12 1 0 3 0 0 3

fn=(1116)
0 23 1 13 2 0 1 2
cob=(4)
cfi=(175)
cfn=(1118)
calls=1 0 
0 1367 429 151 19 57 0 14 17
0 27 9 8 2 0 0 2
cob=(4)
cfi=(175)
cfn=(1136)
calls=1 0 
0 2712 504 465 74 45 47 67 14 45
0 8 0 4

fn=(1638)
0 2 1

fn=(700)
0 7 1 0 1 0 0 1
cob=(4)
cfi=(175)
cfn=(704)
calls=1 0 
0 1809 589 276 11 23 2 11 7

fn=(724)
0 480 0 224 1 0 0 1
cob=(4)
cfi=(175)
cfn=(726)
calls=32 0 
0 1263 441 193 4 14 0 4 8
0 11712 3552 96 5 0 0 5

fn=(766)
0 13 2 5 2 0 0 2
cob=(4)
cfi=(175)
cfn=(684)
calls=1 0 
0 25 8 3
0 119 25 25 11 3 0 11

fn=(772)
0 14 1 6 2 1 0 2
cob=(4)
cfi=(175)
cfn=(684)
calls=1 0 
0 25 8 3
0 2 0 2
cob=(4)
cfi=(175)
cfn=(672)
calls=1 0 
0 5 2
0 5 4 1

fn=(784)
0 11 1 6 1 0 0 1
cob=(4)
cfi=(175)
cfn=(786)
calls=1 0 
0 800 291 138 5 17 0 5 6
0 770 0 256 1 0 2 1 0 2
cob=(4)
cfi=(175)
cfn=(792)
calls=128 0 
0 4320 1447 781 6 17 0 4 4
0 262 0 2 1 0 0 1
cob=(4)
cfi=(175)
cfn=(798)
calls=1 0 
0 769 285 139 5 9 0 5 1
0 510 0 255
cob=(4)
cfi=(175)
cfn=(798)
calls=255 0 
0 11618 3959 1403 3 6 0 3
0 1086 0 272 1 0 16 1 0 16
cob=(4)
cfi=(175)
cfn=(808)
calls=8 0 
0 3316 894 369 19 29 0 19 11
0 72 0 16 0 0 1 0 0 1
cob=(4)
cfi=(175)
cfn=(808)
calls=4 0 
0 1745 329 81
0 23 5 4 0 0 1 0 0 1
cob=(4)
cfi=(175)
cfn=(786)
calls=1 0 
0 24 10 4 0 1
0 2 0 0 1 0 0 1

fn=(856)
0 16 1 8 1 1 1 1 0 1
cob=(4)
cfi=(175)
cfn=(672)
calls=1 0 
0 5 2
0 4 0 2 1 0 0 1
cob=(4)
cfi=(175)
cfn=(858)
calls=1 0 
0 1147 328 161 15 11 0 15 3
0 4 4

fn=(868)
0 14 1 6 1 1 1 1 0 1
cob=(4)
cfi=(175)
cfn=(684)
calls=1 0 
0 25 8 3
0 2 0 2
cob=(4)
cfi=(175)
cfn=(672)
calls=1 0 
0 5 2
0 5 4 1

fn=(906)
0 115 38 31 6 0 1 6

fn=(960)
0 109 30 31 5 0 0 5

fn=(1042)
0 120 16 56 2 1 0 2 1
cob=(4)
cfi=(175)
cfn=(650)
calls=8 0 
0 256 96 56
0 24 0 8
cob=(4)
cfi=(175)
cfn=(1044)
calls=8 0 
0 899 317 161 4 8 0 4 1
0 16 0 8 1 0 0 1
cob=(4)
cfi=(175)
cfn=(1050)
calls=8 0 
0 823 294 145 3 9 0 3 1
0 64 48

fn=(1096)
0 10 4 2 1 0 0 1

fn=(1198)
0 48 11 28 6 4 6 6 4 6

fn=(1384)
0 16 0 0 1 0 0 1
cob=(4)
cfi=(175)
cfn=(1386)
calls=8 0 
0 1519 498 253 14 21 20 11 1 1

fn=(1412)
0 552 118 196 2 2 0 2
cob=(4)
cfi=(175)
cfn=(1545)
calls=1 0 
0 138 55 24
0 315 197 39 1 0 0 1

fn=(1413)
0 22 8 6

fn=(1446) __gnu_cxx::stdio_sync_filebuf<char, std::char_traits<char> >::xsputn(char const*, long)
0 168 28 0 1 1 0 1
cob=(4)
cfi=(175)
cfn=(1448)
calls=28 0 
0 5666 1486 876 48 23 2 46 4 2

fn=(1634)
0 2 1 0 1 0 0 1

fn=(1654)
0 4 2

fn=(736)
0 14 1 6 1 1 1 1 0 1
cob=(4)
cfi=(175)
cfn=(684)
calls=1 0 
0 25 8 3
0 5 4 1 1 0 0 1

fn=(754)
0 115 38 31 5 0 0 5

fn=(930)
0 14 1 6 2 0 1 2 0 1
cob=(4)
cfi=(175)
cfn=(684)
calls=1 0 
0 25 8 3
0 2 0 2
cob=(4)
cfi=(175)
cfn=(672)
calls=1 0 
0 5 2
0 5 4 1

fn=(1030)
0 480 8 192 3 0 30 3 0 17
cob=(4)
cfi=(175)
cfn=(650)
calls=8 0 
0 256 96 56 0 0 1 0 0 1

fn=(1202)
0 5 0 0 1 0 0 1
cob=(4)
cfi=(175)
cfn=(1076)
calls=1 0 
0 78 17 18

fn=(1400)
0 121 33 0 1 2 0 1
cob=(4)
cfi=(175)
cfn=(1402)
calls=11 0 
0 10561 2989 1602 97 91 14 89 11 3

fn=(1490) __gnu_cxx::stdio_sync_filebuf<char, std::char_traits<char> >::overflow(int)
0 28 4 0 2 0 0 2
cob=(4)
cfi=(175)
cfn=(1492)
calls=4 0 
0 1523 485 254 14 14 0 14 7

fn=(1538)
0 16 5 4 2 0 0 2
cob=(4)
cfi=(175)
cfn=(1540)
calls=1 0 
0 921 321 172 2 8 0 2
0 5 3
cob=(4)
cfi=(175)
cfn=(1544)
calls=1 0 
0 824 298 153 2 7 0 2

fn=(688)
0 112 0 42 1 0 0 1
cob=(4)
cfi=(175)
cfn=(690)
calls=14 0 
0 3002 970 444 24 47 2 24 16
0 98 56

fn=(708)
0 8 0 3 1 0 0 1
cob=(4)
cfi=(175)
cfn=(710)
calls=1 0 
0 818 294 143 8 14 0 8 5
0 6 3 1

fn=(760)
0 16 1 8 1 0 0 1
cob=(4)
cfi=(175)
cfn=(672)
calls=1 0 
0 5 2
0 4 0 2 1 0 0 1
cob=(4)
cfi=(175)
cfn=(762)
calls=1 0 
0 1126 326 162 15 11 0 15 2
0 4 4

fn=(942)
0 353 75 75 5 0 0 5

fn=(1022)
0 3 1 1 1 0 1 1

fn=(1072)
0 36 4 16 1 0 0 1
cob=(4)
cfi=(175)
cfn=(726)
calls=4 0 
0 32 12
0 28 16 8
cob=(4)
cfi=(175)
cfn=(726)
calls=4 0 
0 32 12
0 28 16 8 1 0 0 1
cob=(4)
cfi=(175)
cfn=(726)
calls=4 0 
0 32 12
0 36 28 4

fn=(1200)
0 5
cob=(4)
cfi=(175)
cfn=(1076)
calls=1 0 
0 78 17 18 0 0 1 0 0 1

fn=(1368)
0 88 0 24 2 0 0 2
cob=(4)
cfi=(175)
cfn=(1136)
calls=8 0 
0 1361 284 133 3 2 7 3 0 6
0 40 24

fn=(1510) __gnu_cxx::stdio_sync_filebuf<char, std::char_traits<char> >::sync()
0 27 9 0 1 1 0 1
cob=(4)
cfi=(175)
cfn=(1512)
calls=9 0 
0 1347 492 242 11 16 0 11 8

fn=(1644)
0 2 1 0 1 0 0 1

fn=(1656)
0 4 0 1 1 0 0 1
cob=(4)
cfi=(175)
cfn=(1650)
calls=1 0 
0 4 2

fn=(1664)
0 8 0 4 1 0 0 1
cob=(4)
cfi=(175)
cfn=(1666)
calls=2 0 
0 1659 585 271 10 37 0 6 4
0 10 6 0 0 1

fn=(682)
0 18 1 7 2 1 1 2 0 1
cob=(4)
cfi=(175)
cfn=(684)
calls=1 0 
0 3746 1202 576 27 55 3 27 18
0 103 8 73 3 1 8 3 0 8

fn=(742)
0 417 138 76 5 5 0 5 3

fn=(778)
0 14 1 6 1 0 1 1 0 1
cob=(4)
cfi=(175)
cfn=(684)
calls=1 0 
0 25 8 3
0 7 3 2 1 0 0 1
cob=(4)
cfi=(175)
cfn=(780)
calls=1 0 
0 26129 7484 3855 45 86 20 43 24 20

fn=(862)
0 12 2 4 2 0 0 2
cob=(4)
cfi=(175)
cfn=(684)
calls=1 0 
0 25 8 3
0 117 24 25 11 2 0 11

fn=(876)
0 417 138 76 5 0 0 5

fn=(894)
0 114 38 31 4 0 1 4

fn=(972)
0 109 30 31 6 0 0 6

fn=(996)
0 14 1 6 1 0 0 1
cob=(4)
cfi=(175)
cfn=(684)
calls=1 0 
0 25 8 3
0 2 0 2 1 0 0 1
cob=(4)
cfi=(175)
cfn=(672)
calls=1 0 
0 5 2
0 5 4 1

fn=(1048)
0 184 64 32 2 0 0 2

fn=(1060)
0 36 4 16 1 0 0 1
cob=(4)
cfi=(175)
cfn=(726)
calls=4 0 
0 32 12
0 28 16 8 1 0 0 1
cob=(4)
cfi=(175)
cfn=(726)
calls=4 0 
0 32 12
0 28 16 8 1 1 0 1
cob=(4)
cfi=(175)
cfn=(726)
calls=4 0 
0 32 12
0 36 28 4

fn=(1066)
0 32 0 16 1 0 0 1
cob=(4)
cfi=(175)
cfn=(1038)
calls=4 0 
0 404 144 88
0 12 0 4
cob=(4)
cfi=(175)
cfn=(1068)
calls=4 0 
0 1222 398 165 4 8 0 4 2
0 52 16 24 1 0 0 1

fn=(1244)
0 50 25 12 3 9 0 3 1

fn=(1488)
0 60 4 24 2 0 0 2
cob=(4)
cfi=(175)
cfn=(1408)
calls=4 0 
0 96 36 24
0 108 76 4 3 0 0 3
cfn=(1490)
calls=4 0 
0 1551 489 254 16 14 0 16 7
0 8

fn=(1508)
0 119 28 35 1 2 0 1
cob=(4)
cfi=(175)
cfn=(1408)
calls=7 0 
0 315 121 67 0 1
0 49 42 7 1 2 0 1
cfn=(1510)
calls=7 0 
0 1232 451 218 12 17 0 12 8
0 120 70 1 1 0 0 1
cob=(4)
cfi=(175)
cfn=(1660)
calls=1 0 
0 2373 828 400 13 47 1 9 6
0 7 3 1
cfn=(1510)
calls=1 0 
0 71 25 12
0 2

fn=(1509)
0 17 4 5
cob=(4)
cfi=(175)
cfn=(1409)
calls=1 0 
0 24 9 6
0 7 6 1
cfn=(1510)
calls=1 0 
0 71 25 12
0 17 10

fn=(1640)
0 2 1 0 1 0 0 1

fn=(1688)
0 48 10 16 1 1 0 1
cob=(4)
cfi=(175)
cfn=(1679)
calls=1 0 
0 138 55 24
0 27 17 3 1 0 0 1

fn=(1689)
0 22 8 6

fn=(634)
0 8 0 3 2 0 0 2
cob=(4)
cfi=(175)
cfn=(636)
calls=1 0 
0 84240 25220 11977 417 559 165 411 114 117
0 7 3 0 1
cob=(4)
cfi=(175)
cfn=(1076)
calls=1 0 
0 981 320 160 12 29 1 9 6

fn=(676)
0 21 7 0 1 0 0 1

fn=(844)
0 109 30 31 5 0 0 5

fn=(1054)
0 96 40 16 2 0 0 2

fn=(1226)
0 34 17 8 2 5 0 2 1

fn=(1270)
0 50 25 12 3 5 0 3 1

fn=(1432)
0 209 11 110 2 0 0 2
cfn=(1434) 0x0000000000142070
calls=11 0 
0 330 143 66 3 2 0 2
0 253 11 30 2 0 0 2
cfn=(1440) 0x0000000000146900
calls=2 0 
0 54 4 2 2 1 0 2
0 72 0 36
cfn=(1440)
calls=9 0 
0 243 18 9
0 308 77 33 2 3 0 2
cfn=(1446)
calls=11 0 
0 2921 799 454 43 21 2 41 2 2
0 176 99 0 1 0 0 1

fn=(1622)
0 9 3 2 0 3
cob=(4)
cfi=(175)
cfn=(1628)
calls=1 0 
0 6706 2299 1091 38 99 7 33 14
0 1 0 1
cfn=(1694) 0x00000000000b7a30
calls=1 0 
0 5 1 0 2
0 3 2 1

fn=(1630)
0 5 2 0 1 1 0 1 1

fn=(1636)
0 2 1

fn=(1648)
0 4 0 1 1 0 1 1
cob=(4)
cfi=(175)
cfn=(1650)
calls=1 0 
0 769 254 129 2 9 5 1 2

fn=(1694)
0 5 1 0 2

fn=(838)
0 353 75 75 5 1 3 5 1 3

fn=(850)
0 109 30 31 6 0 0 6

fn=(870) 0x00000000000ed260
0 25 4 12 3 0 2 3 0 2
cob=(4)
cfi=(175)
cfn=(872)
calls=1 0 
0 1354 424 205 7 9 1 7 1
0 8 4 3
cob=(4)
cfi=(175)
cfn=(726)
calls=1 0 
0 17 6 2
0 7 2 4 1 0 0 1
cob=(4)
cfi=(175)
cfn=(684)
calls=1 0 
0 25 8 3
0 7 3 3 1 0 0 1
cob=(4)
cfi=(175)
cfn=(726)
calls=1 0 
0 17 6 2
0 13 2 5 1 0 1 1 0 1
cob=(4)
cfi=(175)
cfn=(890)
calls=1 0 
0 1123 336 160 6 10 1 6 3
0 7 3 3
cob=(4)
cfi=(175)
cfn=(726)
calls=1 0 
0 17 6 2
0 13 3 5 1 1 0 1
cob=(4)
cfi=(175)
cfn=(902)
calls=1 0 
0 1140 338 160 8 10 1 8 1
0 7 3 3 1 0 0 1
cob=(4)
cfi=(175)
cfn=(726)
calls=1 0 
0 17 6 2
0 12 5 5 1 0 0 1
cob=(4)
cfi=(175)
cfn=(726)
calls=1 0 
0 17 6 2
0 12 4 5 1 1 0 1
cob=(4)
cfi=(175)
cfn=(726)
calls=1 0 
0 17 6 2
0 12 4 5 1 0 0 1
cob=(4)
cfi=(175)
cfn=(726)
calls=1 0 
0 17 6 2
0 6 0 2 1 0 0 1
cob=(4)
cfi=(175)
cfn=(926)
calls=1 0 
0 771 265 141 4 8 1 4 1 1
0 7 3 3
cob=(4)
cfi=(175)
cfn=(726)
calls=1 0 
0 17 6 2
0 16 5 7 2 0 1 2 0 1
cob=(4)
cfi=(175)
cfn=(938)
calls=1 0 
0 1298 362 204 7 6 0 7
0 7 3 3 0 1
cob=(4)
cfi=(175)
cfn=(726)
calls=1 0 
0 17 6 2
0 7 2 4 1 0 0 1
cob=(4)
cfi=(175)
cfn=(684)
calls=1 0 
0 25 8 3
0 7 3 3 1 1 0 1
cob=(4)
cfi=(175)
cfn=(726)
calls=1 0 
0 17 6 2
0 13 2 5 1 0 1 1 0 1
cob=(4)
cfi=(175)
cfn=(956)
calls=1 0 
0 1150 332 160 7 10 0 7 2
0 7 3 3 0 1
cob=(4)
cfi=(175)
cfn=(726)
calls=1 0 
0 17 6 2
0 13 3 5 1 1 0 1
cob=(4)
cfi=(175)
cfn=(968)
calls=1 0 
0 1126 329 160 8 9 0 8
0 7 3 3 1 0 0 1
cob=(4)
cfi=(175)
cfn=(726)
calls=1 0 
0 17 6 2
0 12 5 5 1 2 0 1
cob=(4)
cfi=(175)
cfn=(726)
calls=1 0 
0 17 6 2
0 12 4 5 1 0 2 1 0 1
cob=(4)
cfi=(175)
cfn=(726)
calls=1 0 
0 17 6 2
0 12 4 5 1 0 0 1
cob=(4)
cfi=(175)
cfn=(726)
calls=1 0 
0 17 6 2
0 6 0 2 1 0 0 1
cob=(4)
cfi=(175)
cfn=(992)
calls=1 0 
0 771 265 141 4 7 0 4 1
0 6 3 2
cob=(4)
cfi=(175)
cfn=(726)
calls=1 0 
0 17 6 2
0 4 2 2 1 0 0 1
cob=(4)
cfi=(175)
cfn=(726)
calls=1 0 
0 8 3
0 4 2 2
cob=(4)
cfi=(175)
cfn=(726)
calls=1 0 
0 8 3
0 5 3 2
cob=(4)
cfi=(175)
cfn=(726)
calls=1 0 
0 8 3
0 5 3 2 1 0 0 1
cob=(4)
cfi=(175)
cfn=(726)
calls=1 0 
0 8 3
0 4 2 2
cob=(4)
cfi=(175)
cfn=(726)
calls=1 0 
0 8 3
0 5 3 2
cob=(4)
cfi=(175)
cfn=(726)
calls=1 0 
0 8 3
0 10 8 1 1 0 0 1

fn=(1106)
0 4 0 2 1 0 0 1
cob=(4)
cfi=(175)
cfn=(1108)
calls=1 0 
0 750 251 129 3 6 0 2
0 4 3 1

fn=(1112)
0 3 1 0 1 0 0 1

fn=(1204)
0 10 0 3 1 0 0 1
cob=(4)
cfi=(175)
cfn=(1076)
calls=1 0 
0 78 17 18 0 0 1 0 0 1
0 7 2
cob=(4)
cfi=(175)
cfn=(1076)
calls=1 0 
0 78 17 18

fn=(1208)
0 34 17 8 2 5 0 2 1

fn=(1296)
0 10 0 3 1 0 0 1
cob=(4)
cfi=(175)
cfn=(1076)
calls=1 0 
0 78 17 18 0 0 1 0 0 1
0 4 0 1
cob=(4)
cfi=(175)
cfn=(1076)
calls=1 0 
0 78 17 18
0 7 2 0 1 0 0 1
cob=(4)
cfi=(175)
cfn=(1076)
calls=1 0 
0 78 17 18 0 0 1 0 0 1

fn=(1362)
0 18 6 0 2 0 0 2

fn=(1406)
0 187 11 88 2 0 0 2
cob=(4)
cfi=(175)
cfn=(1408)
calls=11 0 
0 978 347 195 5 11 0 5 2
0 220 95 10 1 1 0 1
cfn=(1426) std::num_put<char, std::ostreambuf_iterator<char, std::char_traits<char> > >::do_put(std::ostreambuf_iterator<char, std::char_traits<char> >, std::ios_base&, char, long) const
calls=10 0 
0 3103 720 490
0 10 3 1 1 2 0 1
cfn=(1426)
calls=1 0 
0 2708 781 379 58 37 2 55 3 2
0 235 149 4 3 1 0 3
cob=(4)
cfi=(175)
cfn=(1414)
calls=1 0 
0 2373 618 306 24 27 10 19 5 1
0 7 4 0 1 1 0 1

fn=(1434)
0 99 11 66 2 0 0 2
cob=(4)
cfi=(175)
cfn=(726)
calls=11 0 
0 88 33 0 1
0 143 99 0 0 2

fn=(1478)
0 323 17 170 1 0 0 1
cob=(4)
cfi=(175)
cfn=(1408)
calls=17 0 
0 408 153 102
0 561 357 51 5 0 0 5
cfn=(1446)
calls=17 0 
0 2913 715 422 6 3 0 6 2
0 85 34

fn=(1550)
0 11 0 4 1 0 0 1
cob=(4)
cfi=(175)
cfn=(1552)
calls=1 0 
0 831 286 136 10 13 0 4 1
0 4 0 1
cob=(4)
cfi=(175)
cfn=(1556)
calls=1 0 
0 1449 416 194 3 9 0 2
0 5 4 0 1 0 0 1

fn=(1658)
0 14 4 3 2 3 0 2
cob=(4)
cfi=(175)
cfn=(1544)
calls=1 0 
0 138 55 24
0 2 1 1
cob=(4)
cfi=(175)
cfn=(1544)
calls=1 0 
0 2739 969 463 13 54 1 9 7
0 2 1 1
cob=(4)
cfi=(175)
cfn=(1544)
calls=1 0 
0 138 55 24 0 2
0 2 1 1 0 1
cob=(4)
cfi=(175)
cfn=(1678)
calls=1 0 
0 1938 614 282 10 20 0 10 4
0 2 1 1 1 1 0 1
cob=(4)
cfi=(175)
cfn=(1678)
calls=1 0 
0 401 156 67 0 5
0 2 1 1
cob=(4)
cfi=(175)
cfn=(1678)
calls=1 0 
0 138 55 24 0 2
0 2 2

fn=(1670)
0 10 0 4 1 0 0 1
cob=(4)
cfi=(175)
cfn=(1672)
calls=2 0 
0 944 335 138 8 27 0 4 2
0 6 4

fn=(1682)
0 51 12 15 2 7 0 2
cob=(4)
cfi=(175)
cfn=(1684)
calls=3 0 
0 1141 368 172 3 7 0 3 2
0 21 18 3 1 3 0 1
cfn=(1690) __gnu_cxx::stdio_sync_filebuf<wchar_t, std::char_traits<wchar_t> >::sync()
calls=3 0 
0 213 75 36 1 2 0 1
0 52 30 1 1 0 0 1
cob=(4)
cfi=(175)
cfn=(1660)
calls=1 0 
0 35 15 4
0 7 3 1
cfn=(1690)
calls=1 0 
0 71 25 12
0 2

fn=(1683)
0 17 4 5
cob=(4)
cfi=(175)
cfn=(1685)
calls=1 0 
0 24 9 6
0 7 6 1
cfn=(1690)
calls=1 0 
0 71 25 12
0 17 10

fn=(1690)
0 15 5 0 1 2 0 1
cob=(4)
cfi=(175)
cfn=(1512)
calls=5 0 
0 340 120 60

fn=(656)
0 12 1 4 1 0 0 1
cob=(4)
cfi=(175)
cfn=(666)
calls=1 0 
0 72555 21536 9780 327 446 106 325 92 95
0 9 3 2 0 1
cob=(4)
cfi=(175)
cfn=(1018)
calls=1 0 
0 744 254 130 2 7 1 2 2
0 176 87 0 3 1 0 2 1

fn=(812)
0 88 1 0 1 0 0 1
cob=(4)
cfi=(175)
cfn=(814)
calls=1 0 
0 505 97 25
0 24 1 0 2 0 0 2
cob=(4)
cfi=(175)
cfn=(814)
calls=1 0 
0 395 77 21 0 1 0 0 1
0 3 1
cob=(4)
cfi=(175)
cfn=(814)
calls=1 0 
0 560 107 27
0 9 1 0 1 0 0 1
cob=(4)
cfi=(175)
cfn=(814)
calls=1 0 
0 205 43 14
0 3 1
cob=(4)
cfi=(175)
cfn=(814)
calls=1 0 
0 150 33 12 1 1 0 1 1
0 3 1 0 1 0 0 1
cob=(4)
cfi=(175)
cfn=(814)
calls=1 0 
0 847 301 144 10 16 0 10 5
0 3 1
cob=(4)
cfi=(175)
cfn=(814)
calls=1 0 
0 260 53 16
0 7 3
cob=(4)
cfi=(175)
cfn=(814)
calls=1 0 
0 340 67 19 0 2 0 0 1
0 3 1 0 1 0 0 1
cob=(4)
cfi=(175)
cfn=(814)
calls=1 0 
0 195 39 14
0 3 1
cob=(4)
cfi=(175)
cfn=(814)
calls=1 0 
0 615 117 29

fn=(1090)
0 10 0 5 2 0 1 2
cob=(4)
cfi=(175)
cfn=(1092)
calls=1 0 
0 756 253 130 2 10 0 1 2
0 7 0 2
cob=(4)
cfi=(175)
cfn=(1076)
calls=1 0 
0 78 17 18 0 0 1 0 0 1
0 3 0 2 1 0 0 1
cob=(4)
cfi=(175)
cfn=(1092)
calls=1 0 
0 7 3 1
0 9 3 1
cob=(4)
cfi=(175)
cfn=(1076)
calls=1 0 
0 78 17 18

fn=(1418)
0 741 53 40 11 4 4 11
cob=(4)
cfi=(175)
cfn=(1420)
calls=1 0 
0 812 298 136 10 14 6 6 5 1
0 13 7 1

fn=(1440)
0 297 22 11 2 1 0 2

fn=(1646)
0 2 1 0 1 0 0 1

fn=(670)
0 142 1 121 3 0 16 3 0 16
cob=(4)
cfi=(175)
cfn=(672)
calls=1 0 
0 822 263 129 2 11 3 2 2
0 7 1 2 0 1 0 0 1
cob=(4)
cfi=(175)
cfn=(678)
calls=1 0 
0 4576 1459 785 34 65 12 34 18 9
0 4 1 1 1 1 0 1
cob=(4)
cfi=(175)
cfn=(720)
calls=1 0 
0 2066 653 270 12 14 0 12 4
0 4 0 1
cob=(4)
cfi=(175)
cfn=(732)
calls=1 0 
0 833 274 139 4 8 1 4 1 1
0 4 1 1 0 1
cob=(4)
cfi=(175)
cfn=(720)
calls=1 0 
0 400 118 12 0 1
0 24 1 15 3 0 4 3 0 4
cob=(4)
cfi=(175)
cfn=(738)
calls=1 0 
0 1426 435 205 7 15 0 7 5
0 4 1 1 0 1
cob=(4)
cfi=(175)
cfn=(720)
calls=1 0 
0 400 118 12 0 1 0 0 1
0 8 2 3 1 2 0 1
cob=(4)
cfi=(175)
cfn=(720)
calls=1 0 
0 400 118 12 0 1 0 0 1
0 8 2 3 1 2 0 1
cob=(4)
cfi=(175)
cfn=(720)
calls=1 0 
0 400 118 12
0 5 1 3 0 1
cob=(4)
cfi=(175)
cfn=(684)
calls=1 0 
0 25 8 3
0 5 1 2 1 1 0 1
cob=(4)
cfi=(175)
cfn=(720)
calls=1 0 
0 400 118 12
0 29 1 19 3 1 3 3 0 3
cob=(4)
cfi=(175)
cfn=(744)
calls=1 0 
0 1187 346 160 8 13 0 8 3
0 4 1 1 1 1 0 1
cob=(4)
cfi=(175)
cfn=(720)
calls=1 0 
0 400 118 12
0 29 1 19 3 1 2 3 0 2
cob=(4)
cfi=(175)
cfn=(750)
calls=1 0 
0 1188 346 160 7 7 0 7
0 4 1 1
cob=(4)
cfi=(175)
cfn=(720)
calls=1 0 
0 400 118 12
0 8 2 3 1 2 0 1
cob=(4)
cfi=(175)
cfn=(720)
calls=1 0 
0 400 118 12
0 8 2 3 1 2 1 1 0 1
cob=(4)
cfi=(175)
cfn=(720)
calls=1 0 
0 400 118 12
0 35 0 28 4 0 7 4 0 7
cob=(4)
cfi=(175)
cfn=(756)
calls=1 0 
0 2083 625 308 19 20 0 19 3
0 4 1 1 0 1
cob=(4)
cfi=(175)
cfn=(720)
calls=1 0 
0 400 118 12
0 8 2 3 1 2 1 1 0 1
cob=(4)
cfi=(175)
cfn=(720)
calls=1 0 
0 400 118 12
0 8 2 3 0 1
cob=(4)
cfi=(175)
cfn=(720)
calls=1 0 
0 400 118 12 0 1 0 0 1
0 4 0 1 1 0 0 1
cob=(4)
cfi=(175)
cfn=(768)
calls=1 0 
0 803 271 141 4 7 0 4
0 4 1 1
cob=(4)
cfi=(175)
cfn=(720)
calls=1 0 
0 400 118 12
0 4 0 1
cob=(4)
cfi=(175)
cfn=(774)
calls=1 0 
0 26868 7741 3995 49 94 21 47 26 21
0 4 1 1 1 1 0 1
cob=(4)
cfi=(175)
cfn=(720)
calls=1 0 
0 400 118 12 0 1 0 0 1
0 4 0 1
cob=(4)
cfi=(175)
cfn=(828)
calls=1 0 
0 833 274 139 3 7 2 3 2 2
0 4 1 1
cob=(4)
cfi=(175)
cfn=(720)
calls=1 0 
0 400 118 12
0 23 1 15 3 1 3 3 0 3
cob=(4)
cfi=(175)
cfn=(834)
calls=1 0 
0 1338 369 204 7 10 3 7 3 3
0 4 1 1 0 1
cob=(4)
cfi=(175)
cfn=(720)
calls=1 0 
0 400 118 12 0 1 0 0 1
0 8 2 3 1 0 0 1
cob=(4)
cfi=(175)
cfn=(720)
calls=1 0 
0 400 118 12 0 1 0 0 1
0 8 2 3 1 1 0 1
cob=(4)
cfi=(175)
cfn=(720)
calls=1 0 
0 400 118 12
0 5 1 3 0 1
cob=(4)
cfi=(175)
cfn=(684)
calls=1 0 
0 25 8 3
0 18 4 5 2 2 1 2
cob=(4)
cfi=(175)
cfn=(720)
calls=1 0 
0 400 118 12
0 28 1 19 4 0 4 4 0 4
cob=(4)
cfi=(175)
cfn=(840)
calls=1 0 
0 1198 340 160 7 10 0 7 2
0 4 1 1 0 1
cob=(4)
cfi=(175)
cfn=(720)
calls=1 0 
0 400 118 12
0 27 1 19 3 1 2 3 0 2
cob=(4)
cfi=(175)
cfn=(846)
calls=1 0 
0 1166 336 160 8 8 0 8 1
0 4 1 1 0 1
cob=(4)
cfi=(175)
cfn=(720)
calls=1 0 
0 400 118 12
0 8 2 3 1 2 0 1
cob=(4)
cfi=(175)
cfn=(720)
calls=1 0 
0 400 118 12
0 8 2 3 1 1 0 1
cob=(4)
cfi=(175)
cfn=(720)
calls=1 0 
0 400 118 12
0 35 0 28 4 0 6 4 0 6
cob=(4)
cfi=(175)
cfn=(852)
calls=1 0 
0 2068 614 300 18 19 1 18 3 1
0 4 1 1
cob=(4)
cfi=(175)
cfn=(720)
calls=1 0 
0 400 118 12
0 8 2 3 1 2 0 1
cob=(4)
cfi=(175)
cfn=(720)
calls=1 0 
0 400 118 12
0 8 2 3 1 1 0 1
cob=(4)
cfi=(175)
cfn=(720)
calls=1 0 
0 400 118 12 0 1 0 0 1
0 4 0 1
cob=(4)
cfi=(175)
cfn=(864)
calls=1 0 
0 803 271 141 3 7 1 3 1 1
0 4 1 1
cob=(4)
cfi=(175)
cfn=(720)
calls=1 0 
0 400 118 12
0 8 2 3 1 1 0 1
cob=(4)
cfi=(175)
cfn=(720)
calls=1 0 
0 400 118 12
0 8 2 3 1 0 0 1
cob=(4)
cfi=(175)
cfn=(720)
calls=1 0 
0 400 118 12
0 8 2 3 1 0 0 1
cob=(4)
cfi=(175)
cfn=(720)
calls=1 0 
0 400 118 12
0 8 2 3
cob=(4)
cfi=(175)
cfn=(720)
calls=1 0 
0 400 118 12
0 9 3 4 1 0 0 1
cfn=(870)
calls=1 0 
0 9401 2884 1492 77 77 11 77 9 7
0 3 2 1
cob=(4)
cfi=(175)
cfn=(726)
calls=1 0 
0 8 3
0 5 2 2 1 0 0 1
cob=(4)
cfi=(175)
cfn=(726)
calls=1 0 
0 8 3
0 4 2 2
cob=(4)
cfi=(175)
cfn=(726)
calls=1 0 
0 8 3
0 5 2 2 0 1
cob=(4)
cfi=(175)
cfn=(726)
calls=1 0 
0 8 3
0 5 2 2 1 0 0 1
cob=(4)
cfi=(175)
cfn=(726)
calls=1 0 
0 8 3
0 4 2 2
cob=(4)
cfi=(175)
cfn=(726)
calls=1 0 
0 8 3
0 5 2 2 1 0 0 1
cob=(4)
cfi=(175)
cfn=(726)
calls=1 0 
0 8 3
0 4 2 2
cob=(4)
cfi=(175)
cfn=(726)
calls=1 0 
0 8 3
0 13 9 1 1 0 0 1

fn=(748)
0 114 38 31 6 2 0 6 1

fn=(1036)
0 32 0 16 1 0 0 1
cob=(4)
cfi=(175)
cfn=(1038)
calls=4 0 
0 2541 885 475 12 26 0 12 5
0 12 0 4 1 0 0 1
cob=(4)
cfi=(175)
cfn=(1056)
calls=4 0 
0 1222 398 165 5 10 0 5 3
0 52 16 20

fn=(1104)
0 3 1 1 0 0 1

fn=(1172)
0 78 7 36 4 1 4 3

fn=(1302)
0 5
cob=(4)
cfi=(175)
cfn=(1076)
calls=1 0 
0 78 17 18

fn=(1426)
0 33 0 0 1 0 0 1
cob=(4)
cfi=(175)
cfn=(1428)
calls=11 0 
0 5778 1501 869 57 37 2 54 3 2

fn=(1642)
0 2 1 0 1 0 0 1

totals: 1938976 510147 182445 2229 13327 2727 2127 7230 1771
